{"stats":{"minecraft:picked_up":{"minecraft:wooden_axe":1,"minecraft:crafting_table":5,"minecraft:chicken":1,"minecraft:clay_ball":52,"minecraft:leather_leggings":1,"regions_unexplored:maple_planks":4,"enderio:broken_spawner":6,"minecraft:string":3,"minecraft:moss_carpet":1,"silentgems:sapphire":7,"minecraft:cracked_stone_bricks":3,"minecraft:cobbled_deepslate":232,"minecraft:spruce_planks":1,"minecraft:beef":6,"regions_unexplored:maple_leaf_pile":4,"minecraft:wooden_shovel":2,"pamhc2crops:tomatoitem":1,"minecraft:azalea":2,"silentgems:peridot":12,"minecraft:spruce_slab":3,"minecraft:smooth_quartz":9,"minecraft:chest":2,"minecraft:raw_iron":15,"minecraft:stick":4,"apotheosis:gem":5,"minecraft:stone":1,"minecraft:torch":9,"ars_additions:cracked_sourcestone_large_bricks":2,"minecraft:diorite":9,"minecraft:rotten_flesh":3,"minecraft:arrow":13,"ars_nouveau:worn_notebook":2,"minecraft:hay_block":19,"supplementaries:ash":7,"ars_nouveau:sourceberry_bush":2,"minecraft:mutton":1,"forbidden_arcanus:spawner_scrap":6,"minecraft:cobblestone":876,"minecraft:white_wool":1,"minecraft:leather_chestplate":1,"minecraft:andesite":1,"minecraft:leather":1,"minecraft:chiseled_quartz_block":6,"minecraft:filled_map":2,"silentgear:blueprint_package":2,"minecraft:tuff":1,"minecraft:dirt":6,"minecraft:leather_boots":1,"bhc:red_heart":1,"minecraft:bone":9,"minecraft:stone_bricks":4,"minecraft:wheat_seeds":1,"minecraft:raw_gold":8,"biomeswevegone:green_apple":1,"minecraft:stone_pickaxe":2,"minecraft:mossy_stone_bricks":13,"minecraft:moss_block":1,"ars_nouveau:purple_archwood_wood":1,"ars_additions:nexus_warp_scroll":1,"silentgear:pickaxe":1,"silentgear:bort":1,"minecraft:spider_eye":1,"minecraft:leather_helmet":1,"minecraft:light_gray_concrete":12,"minecraft:deepslate":176,"minecraft:diamond":5,"minecolonies:mint":1,"regions_unexplored:maple_log":76,"biomeswevegone:white_dacite_cobblestone":4,"minecraft:bread":52,"apotheosis:sigil_of_malice":1,"minecraft:damaged_anvil":1},"minecraft:crafted":{"silentgear:pickaxe":8,"silentgear:rod":1,"regions_unexplored:maple_planks":112,"minecraft:stone_pickaxe":1,"minecraft:chest":4,"silentgear:sword":1,"minecraft:wheat":162,"silentgear:stone_anvil":1,"minecraft:crafting_table":2,"minecraft:wooden_pickaxe":1,"minecraft:iron_sword":1,"minecraft:bread":54,"minecraft:stick":16,"minecraft:wooden_axe":1},"minecraft:killed":{"minecraft:spider":2,"minecraft:skeleton":6,"minecraft:chicken":1,"minecraft:sheep":1,"minecraft:zombie":4,"minecraft:cow":3},"minecraft:broken":{"minecraft:wooden_pickaxe":1,"minecraft:wooden_axe":1,"silentgear:pickaxe":13},"minecraft:mined":{"minecraft:tuff":4,"minecraft:spruce_planks":1,"minecraft:deepslate_diamond_ore":2,"regions_unexplored:maple_log":3,"silentgems:deepslate_peridot_ore":12,"minecraft:cave_vines_plant":1,"minecraft:grass_block":2,"minecraft:moss_block":1,"minecraft:spawner":4,"minecraft:hay_block":19,"minecraft:iron_ore":1,"minecraft:andesite":1,"minecraft:moss_carpet":1,"silentgear:deepslate_bort_ore":1,"minecraft:bookshelf":1,"minecraft:cave_vines":2,"regions_unexplored:maple_leaf_pile":1,"minecraft:vine":1,"minecraft:light_gray_concrete":4,"minecraft:azalea":2,"minecraft:stone":5,"minecraft:spruce_slab":1,"minecraft:podzol":1,"ars_nouveau:purple_archwood_wood":1,"minecraft:chiseled_quartz_block":2,"minecraft:clay":13,"minecraft:crafting_table":3,"minecraft:torch":3,"minecraft:short_grass":7,"silentgems:deepslate_sapphire_ore":3,"minecraft:chest":2,"minecraft:cobblestone":10,"mahoutsukai:mahoujin":1,"minecraft:tall_grass":1,"pamhc2crops:shadedgarden":1,"minecraft:damaged_anvil":1,"minecraft:diorite":9,"minecraft:wall_torch":5,"supplementaries:urn":1,"forbidden_arcanus:darkstone":1,"ars_additions:cracked_sourcestone_large_bricks":1,"minecraft:birch_leaves":1,"minecraft:tnt":3,"biomeswevegone:white_dacite":4,"minecraft:dirt":3,"minecraft:smooth_quartz":3,"minecraft:cracked_stone_bricks":3,"minecraft:stone_bricks":4,"minecraft:small_dripleaf":1,"minecraft:mossy_stone_bricks":13,"minecraft:deepslate":74},"minecraft:killed_by":{"minecraft:spider":1,"minecraft:skeleton":3,"minecraft:zombie":1,"irons_spellbooks:archevoker":1,"livingthings:shark":1},"minecraft:used":{"minecraft:azalea":1,"silentgear:sword":32,"minecraft:stone_shovel":38,"minecraft:chest":6,"minecraft:iron_sword":11,"pamhc2crops:tomatoitem":1,"minecraft:rotten_flesh":1,"regions_unexplored:maple_planks":1,"minecraft:torch":9,"waterframes:tv":1,"minecraft:dirt":2,"minecraft:jungle_planks":32,"minecraft:chainmail_chestplate":2,"minecraft:tuff":1,"minecraft:wooden_axe":22,"waterframes:big_tv":1,"minecraft:stone_bricks":3,"silentgear:pickaxe":179,"minecraft:hay_block":1,"ars_nouveau:sourceberry_bush":3,"ars_nouveau:purple_archwood_wood":1,"silentgear:stone_anvil":1,"minecraft:mossy_stone_bricks":13,"minecraft:damaged_anvil":1,"minecraft:stone_pickaxe":70,"minecraft:wooden_pickaxe":1,"minecraft:leather_chestplate":1,"minecraft:cracked_stone_bricks":3,"minecraft:golden_apple":1,"minecraft:crafting_table":4,"minecraft:firework_rocket":1,"minecraft:light_gray_concrete":2,"minecraft:chicken":1,"minecraft:bread":6,"minecraft:iron_pickaxe":1,"minecraft:map":1,"minecraft:leather_helmet":1,"biomeswevegone:green_apple":1,"minecraft:deepslate":22,"apotheosis:reforging_table":1,"minecraft:cobblestone":75,"waterframes:projector":1},"minecraft:dropped":{"silentgear:elytra":1,"silentgear:pickaxe":3,"regions_unexplored:maple_leaf_pile":4,"minecraft:arrow":1},"minecraft:custom":{"minecraft:interact_with_smithing_table":2,"minecraft:mob_kills":18,"minecraft:interact_with_anvil":1,"minecraft:interact_with_crafting_table":17,"minecraft:open_barrel":37,"minecraft:leave_game":5,"minecraft:time_since_death":1733,"minecraft:climb_one_cm":27791,"minecraft:sprint_one_cm":188737,"minecraft:walk_one_cm":235488,"minecraft:drop":9,"minecraft:play_time":163096,"minecraft:deaths":12,"minecraft:sneak_time":1654,"minecraft:walk_under_water_one_cm":16340,"minecraft:jump":1534,"minecraft:interact_with_brewingstand":3,"minecraft:interact_with_blast_furnace":5,"minecraft:walk_on_water_one_cm":36377,"minecraft:total_world_time":254705,"minecraft:interact_with_furnace":5,"apotheosis:world_tiers_activated":1,"minecraft:interact_with_stonecutter":1,"minecraft:sleep_in_bed":3,"minecraft:time_since_rest":1755,"minecraft:damage_taken":3722,"minecraft:damage_absorbed":40,"minecraft:trigger_trapped_chest":3,"minecraft:damage_dealt":3400,"minecraft:swim_one_cm":35908,"minecraft:fly_one_cm":361348,"minecraft:open_chest":63,"minecraft:crouch_one_cm":3043,"minecraft:aviate_one_cm":77462,"minecraft:fall_one_cm":45115}},"DataVersion":3955}