{"stats":{"minecraft:used":{"minecraft:oak_log":17,"regions_unexplored:redwood_log":8,"minecraft:iron_axe":20,"minecraft:stone_shovel":41,"minecraft:iron_pickaxe":44,"minecraft:copper_ore":49,"minecraft:gold_ore":48,"silentgear:pickaxe":30,"minecraft:sand":1,"minecraft:dirt":9,"silentgear:paxel":10,"biomeswevegone:lush_dirt":4,"powah:uraninite_ore":21,"biomeswevegone:blue_enchanted_sapling":6,"minecraft:golden_axe":1},"minecraft:picked_up":{"minecraft:stick":8,"minecraft:coarse_dirt":2,"minecraft:sandstone":1,"biomeswevegone:lush_dirt":16,"biomeswevegone:palm_log":130,"silentgear:pickaxe":1,"minecraft:wooden_pickaxe":1,"regions_unexplored:silt_dirt":1,"biomeswevegone:peat":2,"minecraft:sand":203,"powah:uraninite_raw":60,"minecraft:oak_log":109,"minecraft:gold_ore":49,"minecraft:dirt":30,"minecraft:mossy_cobblestone":2,"biomeswevegone:blue_enchanted_sapling":2,"regions_unexplored:stripped_redwood_log":2,"minecraft:raw_copper":181,"minecraft:iron_axe":1,"minecraft:oak_wood":1,"minecraft:rotten_flesh":1,"minecraft:stone_shovel":1,"ars_nouveau:worn_notebook":1,"minecraft:raw_gold":57,"minecraft:stone_pickaxe":1,"biomeswevegone:blue_enchanted_log":17,"pamhc2crops:lettuceitem":1,"powah:uraninite_ore":49,"minecraft:iron_pickaxe":1,"regions_unexplored:redwood_log":535,"minecraft:copper_ore":43},"minecraft:killed_by":{"minecraft:zombie":1},"minecraft:custom":{"minecraft:time_since_rest":20180,"minecraft:sprint_one_cm":22359,"minecraft:damage_taken":430,"minecraft:walk_one_cm":52633,"minecraft:drop":2,"minecraft:swim_one_cm":3331,"minecraft:open_chest":5,"minecraft:fly_one_cm":178477,"minecraft:open_barrel":3,"minecraft:crouch_one_cm":300,"minecraft:play_time":47321,"minecraft:deaths":1,"minecraft:sneak_time":464,"minecraft:walk_under_water_one_cm":318,"minecraft:pot_flower":1,"minecraft:interact_with_lectern":2,"minecraft:jump":541,"minecraft:leave_game":14,"minecraft:time_since_death":19542,"minecraft:walk_on_water_one_cm":1540,"minecraft:total_world_time":100127,"minecraft:climb_one_cm":628,"minecraft:fall_one_cm":16608,"minecraft:inspect_dispenser":1},"minecraft:dropped":{"pamhc2crops:lettuceitem":1,"minecraft:red_mushroom":1},"minecraft:mined":{"minecraft:large_fern":1,"minecraft:podzol":1,"biomeswevegone:lush_dirt":6,"minecraft:coarse_dirt":1,"minecraft:mossy_cobblestone":1,"pamhc2crops:windygarden":1,"powah:uraninite_ore":13,"biomeswevegone:lush_grass_block":5,"regions_unexplored:stripped_redwood_log":1,"biomeswevegone:peat":1,"minecraft:grass_block":7,"minecraft:oak_log":5,"minecraft:sand":143,"minecraft:dirt":14,"minecraft:tall_grass":1,"minecraft:copper_ore":30,"regions_unexplored:redwood_log":17,"regions_unexplored:silt_grass_block":1,"minecraft:gold_ore":29,"minecraft:sandstone":1}},"DataVersion":3955}