{"stats":{"minecraft:used":{"minecraft:brush":18},"minecraft:dropped":{"minecraft:emerald":82},"minecraft:picked_up":{"minecraft:emerald":18,"minecraft:cobblestone":1},"minecraft:custom":{"minecraft:time_since_rest":167552,"minecraft:open_chest":12,"minecraft:crouch_one_cm":239,"minecraft:sprint_one_cm":19632,"minecraft:inspect_dropper":2,"minecraft:play_time":167552,"minecraft:damage_taken":70,"minecraft:walk_one_cm":24458,"minecraft:sneak_time":243,"minecraft:trigger_trapped_chest":1,"minecraft:drop":23,"minecraft:jump":91,"minecraft:inspect_hopper":6,"minecraft:damage_dealt":10,"minecraft:leave_game":13,"minecraft:time_since_death":167552,"minecraft:climb_one_cm":306,"minecraft:total_world_time":204959,"minecraft:fall_one_cm":1233,"minecraft:fly_one_cm":39241,"minecraft:inspect_dispenser":1}},"DataVersion":3955}