{"stats":{"minecraft:mined":{"silentgems:peridot_ore":1,"minecraft:andesite":5,"minecraft:granite":3,"minecraft:grass_block":2,"minecraft:coal_ore":3,"minecraft:dirt":2,"minecraft:stone":20,"minecraft:diorite":3},"minecraft:used":{"irons_spellbooks:inscription_table":1,"gateways:gate_pearl":1,"minecraft:torch":3,"enderio:alloy_smelter":1,"silentgear:pickaxe":17,"minecraft:anvil":1,"minecraft:netherite_pickaxe":19,"enderio:stirling_generator":1},"minecraft:killed_by":{"minecraft:zombie":1},"minecraft:custom":{"minecraft:time_since_rest":64447,"minecraft:sprint_one_cm":9623,"minecraft:damage_taken":295,"minecraft:walk_one_cm":40824,"minecraft:interact_with_anvil":1,"minecraft:drop":19,"minecraft:damage_dealt":48,"minecraft:fly_one_cm":221098,"minecraft:open_chest":3,"minecraft:crouch_one_cm":426,"waystones:waystone_activated":1,"minecraft:play_time":72512,"minecraft:deaths":1,"minecraft:sneak_time":603,"minecraft:walk_under_water_one_cm":950,"minecraft:jump":190,"minecraft:walk_on_water_one_cm":2694,"minecraft:time_since_death":64424,"minecraft:climb_one_cm":1531,"minecraft:total_world_time":143821,"minecraft:fall_one_cm":3414},"minecraft:picked_up":{"minecraft:raw_iron":28,"minecraft:andesite":3,"minecraft:pointed_dripstone":2,"minecraft:diorite":3,"biomeswevegone:tall_white_allium":1,"minecraft:lapis_lazuli":35,"minecraft:dirt":4,"minecraft:raw_copper":644,"minecraft:coal_ore":20,"minecraft:granite":3,"silentgems:peridot":1,"bhc:red_heart_canister":10,"minecraft:coal":16,"minecraft:cobblestone":1567},"minecraft:dropped":{"bhc:red_heart_canister":10,"minecraft:raw_copper":256,"minecraft:raw_iron":28,"minecraft:pointed_dripstone":2,"minecraft:cobblestone":514,"biomeswevegone:tall_white_allium":1,"minecraft:rabbit_foot":1}},"DataVersion":3955}