{
  "ars_nouveau:recipes/misc/ritual_flight": {
    "criteria": {
      "has_journal": "2025-10-29 09:28:43 -0300"
    },
    "done": true
  },
  "regions_unexplored:recipes/transportation/maple_boat": {
    "criteria": {
      "in_water": "2025-10-29 09:31:52 -0300"
    },
    "done": true
  },
  "ars_nouveau:recipes/building_blocks/smooth_gilded_sourcestone_basketweave_stonecutter_stair": {
    "criteria": {
      "has_journal": "2025-10-29 09:28:42 -0300"
    },
    "done": true
  },
  "ars_nouveau:recipes/building_blocks/smooth_gilded_sourcestone_large_bricks_stonecutter_stair": {
    "criteria": {
      "has_journal": "2025-10-29 09:28:42 -0300"
    },
    "done": true
  },
  "ars_additions:recipes/misc/crafting/lanterns/archwood_lantern": {
    "criteria": {
      "has_journal": "2025-10-29 09:28:42 -0300"
    },
    "done": true
  },
  "ars_nouveau:recipes/building_blocks/smooth_gilded_sourcestone_mosaic_stone_cutterslab": {
    "criteria": {
      "has_journal": "2025-10-29 09:28:42 -0300"
    },
    "done": true
  },
  "ars_nouveau:recipes/misc/ritual_fertility": {
    "criteria": {
      "has_journal": "2025-10-29 09:28:42 -0300"
    },
    "done": true
  },
  "ars_nouveau:recipes/misc/gilded_sourcestone_large_bricks_to_sourcestone": {
    "criteria": {
      "has_journal": "2025-10-29 09:28:42 -0300"
    },
    "done": true
  },
  "ars_nouveau:recipes/misc/ritual_animal_summon": {
    "criteria": {
      "has_journal": "2025-10-29 09:28:43 -0300"
    },
    "done": true
  },
  "ars_nouveau:recipes/building_blocks/smooth_sourcestone_slab": {
    "criteria": {
      "has_journal": "2025-10-29 09:28:43 -0300"
    },
    "done": true
  },
  "minecraft:recipes/building_blocks/polished_diorite": {
    "criteria": {
      "has_diorite": "2025-10-29 09:35:58 -0300"
    },
    "done": true
  },
  "minecraft:recipes/building_blocks/raw_iron_block": {
    "criteria": {
      "has_raw_iron": "2025-10-29 09:40:08 -0300"
    },
    "done": true
  },
  "ars_nouveau:recipes/misc/reset_warp_scroll": {
    "criteria": {
      "has_journal": "2025-10-29 09:28:43 -0300"
    },
    "done": true
  },
  "ars_nouveau:recipes/building_blocks/sourcestone_large_bricks_stonecutter_stair": {
    "criteria": {
      "has_journal": "2025-10-29 09:28:43 -0300"
    },
    "done": true
  },
  "enderio:recipes/misc/erase_alloy_smelter": {
    "criteria": {
      "has_ingredient": "2025-10-29 10:08:40 -0300"
    },
    "done": true
  },
  "ars_elemental:recipes/misc/ritual_archwood_forest": {
    "criteria": {
      "has_journal": "2025-10-29 09:28:42 -0300"
    },
    "done": true
  },
  "ars_additions:recipes/decorations/crafting/stonecutter/cracked_sourcestone_wall_0": {
    "criteria": {
      "has_journal": "2025-10-29 09:28:43 -0300"
    },
    "done": true
  },
  "ars_nouveau:recipes/misc/manipulation_essence_to_andesite": {
    "criteria": {
      "has_journal": "2025-10-29 09:28:42 -0300"
    },
    "done": true
  },
  "ars_nouveau:recipes/misc/green_archwood_wood": {
    "criteria": {
      "has_journal": "2025-10-29 09:28:42 -0300"
    },
    "done": true
  },
  "powah:recipes/misc/crafting/dielectric_paste": {
    "criteria": {
      "has_coals": "2025-10-29 09:42:23 -0300"
    },
    "done": true
  },
  "ars_nouveau:recipes/misc/gilded_sourcestone_large_bricks_stairs": {
    "criteria": {
      "has_journal": "2025-10-29 09:28:43 -0300"
    },
    "done": true
  },
  "ars_additions:recipes/misc/crafting/trapdoors/magebloom_carpet": {
    "criteria": {
      "has_journal": "2025-10-29 09:28:43 -0300"
    },
    "done": true
  },
  "ars_nouveau:recipes/misc/smooth_sourcestone_stairs": {
    "criteria": {
      "has_journal": "2025-10-29 09:28:42 -0300"
    },
    "done": true
  },
  "regions_unexplored:recipes/transportation/magnolia_boat": {
    "criteria": {
      "in_water": "2025-10-29 09:31:52 -0300"
    },
    "done": true
  },
  "ars_nouveau:recipes/misc/ritual_brazier": {
    "criteria": {
      "has_journal": "2025-10-29 09:28:43 -0300"
    },
    "done": true
  },
  "minecraft:recipes/building_blocks/granite_slab_from_granite_stonecutting": {
    "criteria": {
      "has_granite": "2025-10-29 09:36:13 -0300"
    },
    "done": true
  },
  "ars_nouveau:recipes/misc/manipulation_essence_to_mycelium": {
    "criteria": {
      "has_journal": "2025-10-29 09:28:42 -0300"
    },
    "done": true
  },
  "ars_nouveau:recipes/building_blocks/stripped_green_archwood_wood": {
    "criteria": {
      "has_journal": "2025-10-29 09:28:42 -0300"
    },
    "done": true
  },
  "ars_nouveau:recipes/building_blocks/smooth_gilded_sourcestone_basketweave_stone_cutterslab": {
    "criteria": {
      "has_journal": "2025-10-29 09:28:42 -0300"
    },
    "done": true
  },
  "ars_nouveau:recipes/misc/spike_to_arrow": {
    "criteria": {
      "has_journal": "2025-10-29 09:28:42 -0300"
    },
    "done": true
  },
  "ars_nouveau:recipes/misc/void_prism": {
    "criteria": {
      "has_journal": "2025-10-29 09:28:43 -0300"
    },
    "done": true
  },
  "ars_nouveau:recipes/misc/relay": {
    "criteria": {
      "has_journal": "2025-10-29 09:28:43 -0300"
    },
    "done": true
  },
  "ars_nouveau:recipes/misc/ritual_burrowing": {
    "criteria": {
      "has_journal": "2025-10-29 09:28:43 -0300"
    },
    "done": true
  },
  "ars_nouveau:recipes/misc/ritual_overgrowth": {
    "criteria": {
      "has_journal": "2025-10-29 09:28:43 -0300"
    },
    "done": true
  },
  "ars_elemental:recipes/misc/alt_blossom": {
    "criteria": {
      "has_journal": "2025-10-29 09:28:43 -0300"
    },
    "done": true
  },
  "minecraft:recipes/decorations/crafting_table": {
    "criteria": {
      "unlock_right_away": "2025-10-29 09:28:43 -0300"
    },
    "done": true
  },
  "minecraft:recipes/decorations/chest": {
    "criteria": {
      "has_lots_of_items": "2025-10-29 09:36:15 -0300"
    },
    "done": true
  },
  "ars_additions:recipes/decorations/crafting/stonecutter/sourcestone_trapdoor_0": {
    "criteria": {
      "has_journal": "2025-10-29 09:28:43 -0300"
    },
    "done": true
  },
  "ars_nouveau:recipes/misc/sunrise_2": {
    "criteria": {
      "has_journal": "2025-10-29 09:28:42 -0300"
    },
    "done": true
  },
  "ars_additions:recipes/misc/crafting/lanterns/reversed_polished_sourcestone_lantern": {
    "criteria": {
      "has_journal": "2025-10-29 09:28:43 -0300"
    },
    "done": true
  },
  "minecraft:recipes/transportation/cherry_boat": {
    "criteria": {
      "in_water": "2025-10-29 09:31:52 -0300"
    },
    "done": true
  },
  "minecraft:recipes/decorations/granite_wall_from_granite_stonecutting": {
    "criteria": {
      "has_granite": "2025-10-29 09:36:13 -0300"
    },
    "done": true
  },
  "ars_nouveau:recipes/misc/clear_bookwyrm_charm": {
    "criteria": {
      "has_journal": "2025-10-29 09:28:43 -0300"
    },
    "done": true
  },
  "irons_spellbooks:make_inscription_table": {
    "criteria": {
      "inscription_table": "2025-10-29 11:22:11 -0300"
    },
    "done": true
  },
  "ars_nouveau:recipes/misc/manipulation_essence_to_diorite": {
    "criteria": {
      "has_journal": "2025-10-29 09:28:42 -0300"
    },
    "done": true
  },
  "ars_nouveau:recipes/building_blocks/gilded_sourcestone_alternating_stone_cutterslab": {
    "criteria": {
      "has_journal": "2025-10-29 09:28:43 -0300"
    },
    "done": true
  },
  "ars_elemental:recipes/misc/sparkflower_to_glowstone": {
    "criteria": {
      "has_journal": "2025-10-29 09:28:42 -0300"
    },
    "done": true
  },
  "ars_nouveau:recipes/misc/ars_stencil": {
    "criteria": {
      "has_journal": "2025-10-29 09:28:42 -0300"
    },
    "done": true
  },
  "ars_nouveau:recipes/misc/clear_deny": {
    "criteria": {
      "has_journal": "2025-10-29 09:28:42 -0300"
    },
    "done": true
  },
  "ars_nouveau:recipes/misc/moonfall_2": {
    "criteria": {
      "has_journal": "2025-10-29 09:28:42 -0300"
    },
    "done": true
  },
  "ars_nouveau:recipes/misc/spell_prism": {
    "criteria": {
      "has_journal": "2025-10-29 09:28:43 -0300"
    },
    "done": true
  },
  "ars_nouveau:recipes/building_blocks/sourcestone_stonecutter_stair": {
    "criteria": {
      "has_journal": "2025-10-29 09:28:43 -0300"
    },
    "done": true
  },
  "quarryplus:recipes/misc/mover": {
    "criteria": {
      "has_anvil": "2025-10-29 09:47:01 -0300"
    },
    "done": true
  },
  "silentgems:recipes/building_blocks/smooth_peridot": {
    "criteria": {
      "has_item": "2025-10-29 09:36:52 -0300"
    },
    "done": true
  },
  "minecraft:recipes/building_blocks/granite_slab": {
    "criteria": {
      "has_granite": "2025-10-29 09:36:13 -0300"
    },
    "done": true
  },
  "ars_nouveau:recipes/misc/polished_source_sconce": {
    "criteria": {
      "has_journal": "2025-10-29 09:28:43 -0300"
    },
    "done": true
  },
  "ars_nouveau:recipes/misc/gilded_sourcestone_alternating_stairs": {
    "criteria": {
      "has_journal": "2025-10-29 09:28:43 -0300"
    },
    "done": true
  },
  "ars_elemental:recipes/misc/ritual_squirrels": {
    "criteria": {
      "has_journal": "2025-10-29 09:28:42 -0300"
    },
    "done": true
  },
  "ars_nouveau:recipes/misc/ritual_sunrise": {
    "criteria": {
      "has_journal": "2025-10-29 09:28:43 -0300"
    },
    "done": true
  },
  "ars_nouveau:recipes/misc/wipe_spell_parchment": {
    "criteria": {
      "has_journal": "2025-10-29 09:28:43 -0300"
    },
    "done": true
  },
  "ars_nouveau:recipes/misc/wixie_hat": {
    "criteria": {
      "has_journal": "2025-10-29 09:28:42 -0300"
    },
    "done": true
  },
  "ars_nouveau:recipes/building_blocks/sourcestone_basketweave_stone_cutterslab": {
    "criteria": {
      "has_journal": "2025-10-29 09:28:42 -0300"
    },
    "done": true
  },
  "ars_nouveau:recipes/misc/clear_drygmy_charm": {
    "criteria": {
      "has_journal": "2025-10-29 09:28:42 -0300"
    },
    "done": true
  },
  "silentgear:recipes/decorations/stone_anvil": {
    "criteria": {
      "has_item": "2025-10-29 09:32:12 -0300"
    },
    "done": true
  },
  "ars_nouveau:recipes/building_blocks/gilded_sourcestone_small_bricks_stonecutter_stair": {
    "criteria": {
      "has_journal": "2025-10-29 09:28:43 -0300"
    },
    "done": true
  },
  "biomeswevegone:recipes/transportation/rainbow_eucalyptus_boat": {
    "criteria": {
      "in_water": "2025-10-29 09:31:52 -0300"
    },
    "done": true
  },
  "ars_nouveau:recipes/misc/source_berry_pie": {
    "criteria": {
      "has_journal": "2025-10-29 09:28:42 -0300"
    },
    "done": true
  },
  "ars_nouveau:recipes/building_blocks/archwood_fence_gate": {
    "criteria": {
      "has_journal": "2025-10-29 09:28:42 -0300"
    },
    "done": true
  },
  "minecraft:recipes/misc/copper_ingot_from_blasting_raw_copper": {
    "criteria": {
      "has_raw_copper": "2025-10-29 09:36:15 -0300"
    },
    "done": true
  },
  "ars_elemental:recipes/misc/flashing_sapling": {
    "criteria": {
      "has_journal": "2025-10-29 09:28:42 -0300"
    },
    "done": true
  },
  "forbidden_arcanus:recipes/misc/clibano_combustion/iron_ingot_from_clibano_combusting_raw_iron": {
    "criteria": {
      "has_item": "2025-10-29 09:40:08 -0300"
    },
    "done": true
  },
  "ars_nouveau:recipes/misc/source_lamp": {
    "criteria": {
      "has_journal": "2025-10-29 09:28:42 -0300"
    },
    "done": true
  },
  "ars_additions:recipes/misc/crafting/lanterns/reversed_sourcestone_lantern": {
    "criteria": {
      "has_journal": "2025-10-29 09:28:42 -0300"
    },
    "done": true
  },
  "minecraft:recipes/building_blocks/diorite_stairs_from_diorite_stonecutting": {
    "criteria": {
      "has_diorite": "2025-10-29 09:35:58 -0300"
    },
    "done": true
  },
  "ars_nouveau:recipes/misc/gilded_sourcestone_basketweave_to_sourcestone": {
    "criteria": {
      "has_journal": "2025-10-29 09:28:42 -0300"
    },
    "done": true
  },
  "ars_nouveau:recipes/misc/ritual_forestation": {
    "criteria": {
      "has_journal": "2025-10-29 09:28:43 -0300"
    },
    "done": true
  },
  "ars_nouveau:recipes/misc/ritual_cloudshaping": {
    "criteria": {
      "has_journal": "2025-10-29 09:28:43 -0300"
    },
    "done": true
  },
  "minecraft:recipes/decorations/campfire": {
    "criteria": {
      "has_coal": "2025-10-29 09:42:23 -0300"
    },
    "done": true
  },
  "ars_additions:recipes/misc/crafting/lanterns/soul_magelight_lantern": {
    "criteria": {
      "has_journal": "2025-10-29 09:28:42 -0300"
    },
    "done": true
  },
  "ars_nouveau:recipes/misc/blank_parchment": {
    "criteria": {
      "has_journal": "2025-10-29 09:28:42 -0300"
    },
    "done": true
  },
  "ars_nouveau:recipes/building_blocks/archwood_fence": {
    "criteria": {
      "has_journal": "2025-10-29 09:28:43 -0300"
    },
    "done": true
  },
  "ars_nouveau:recipes/misc/archwood_planks": {
    "criteria": {
      "has_journal": "2025-10-29 09:28:43 -0300"
    },
    "done": true
  },
  "ars_nouveau:recipes/misc/potion_jar": {
    "criteria": {
      "has_journal": "2025-10-29 09:28:43 -0300"
    },
    "done": true
  },
  "ars_nouveau:recipes/misc/air_essence_to_snow_bucket": {
    "criteria": {
      "has_journal": "2025-10-29 09:28:42 -0300"
    },
    "done": true
  },
  "silentgems:recipes/misc/peridot_block": {
    "criteria": {
      "has_item": "2025-10-29 09:36:52 -0300"
    },
    "done": true
  },
  "biomeswevegone:recipes/transportation/spirit_boat": {
    "criteria": {
      "in_water": "2025-10-29 09:31:52 -0300"
    },
    "done": true
  },
  "ars_nouveau:recipes/misc/ritual_disintegration": {
    "criteria": {
      "has_journal": "2025-10-29 09:28:43 -0300"
    },
    "done": true
  },
  "ars_additions:recipes/misc/crafting/lanterns/sourcestone_lantern": {
    "criteria": {
      "has_journal": "2025-10-29 09:28:43 -0300"
    },
    "done": true
  },
  "ars_nouveau:recipes/misc/warp_scroll": {
    "criteria": {
      "has_journal": "2025-10-29 09:28:42 -0300"
    },
    "done": true
  },
  "ars_nouveau:recipes/misc/starbuncle_shades": {
    "criteria": {
      "has_journal": "2025-10-29 09:28:43 -0300"
    },
    "done": true
  },
  "ars_nouveau:recipes/misc/archwood_grate": {
    "criteria": {
      "has_journal": "2025-10-29 09:28:43 -0300"
    },
    "done": true
  },
  "ars_nouveau:recipes/building_blocks/gilded_sourcestone_basketweave_stonecutter_stair": {
    "criteria": {
      "has_journal": "2025-10-29 09:28:42 -0300"
    },
    "done": true
  },
  "ars_nouveau:recipes/building_blocks/sourcestone_basketweave_stonecutter_stair": {
    "criteria": {
      "has_journal": "2025-10-29 09:28:43 -0300"
    },
    "done": true
  },
  "biomeswevegone:recipes/transportation/aspen_boat": {
    "criteria": {
      "in_water": "2025-10-29 09:31:52 -0300"
    },
    "done": true
  },
  "ars_additions:recipes/misc/crafting/lanterns/archwood_magelight_lantern": {
    "criteria": {
      "has_journal": "2025-10-29 09:28:43 -0300"
    },
    "done": true
  },
  "ars_nouveau:recipes/building_blocks/smooth_gilded_sourcestone_basketweave_slab": {
    "criteria": {
      "has_journal": "2025-10-29 09:28:42 -0300"
    },
    "done": true
  },
  "bibliocraft:recipes/enchanted_book_cloning_in_printing_table": {
    "criteria": {
      "has_enchanted_book": "2025-10-29 09:46:31 -0300"
    },
    "done": true
  },
  "minecraft:recipes/building_blocks/cobblestone_slab": {
    "criteria": {
      "has_cobblestone": "2025-10-29 09:32:12 -0300"
    },
    "done": true
  },
  "ars_nouveau:recipes/misc/mob_jar": {
    "criteria": {
      "has_journal": "2025-10-29 09:28:42 -0300"
    },
    "done": true
  },
  "minecraft:recipes/transportation/acacia_boat": {
    "criteria": {
      "in_water": "2025-10-29 09:31:52 -0300"
    },
    "done": true
  },
  "ars_nouveau:recipes/building_blocks/sourcestone_basketweave_slab": {
    "criteria": {
      "has_journal": "2025-10-29 09:28:43 -0300"
    },
    "done": true
  },
  "biomeswevegone:recipes/transportation/fir_boat": {
    "criteria": {
      "in_water": "2025-10-29 09:31:52 -0300"
    },
    "done": true
  },
  "minecraft:recipes/misc/iron_ingot_from_blasting_raw_iron": {
    "criteria": {
      "has_raw_iron": "2025-10-29 09:40:08 -0300"
    },
    "done": true
  },
  "ars_nouveau:recipes/misc/manipulation_essence_to_flourishing_sapling": {
    "criteria": {
      "has_journal": "2025-10-29 09:28:42 -0300"
    },
    "done": true
  },
  "ars_additions:recipes/misc/crafting/trapdoors/polished_sourcestone_trapdoor": {
    "criteria": {
      "has_journal": "2025-10-29 09:28:42 -0300"
    },
    "done": true
  },
  "biomeswevegone:recipes/transportation/redwood_boat": {
    "criteria": {
      "in_water": "2025-10-29 09:31:52 -0300"
    },
    "done": true
  },
  "betterdungeons:root": {
    "criteria": {
      "always": "2025-10-29 09:28:43 -0300"
    },
    "done": true
  },
  "ars_nouveau:recipes/misc/smooth_sourcestone_basketweave_to_sourcestone": {
    "criteria": {
      "has_journal": "2025-10-29 09:28:43 -0300"
    },
    "done": true
  },
  "minecraft:recipes/decorations/cobblestone_wall_from_cobblestone_stonecutting": {
    "criteria": {
      "has_cobblestone": "2025-10-29 09:32:12 -0300"
    },
    "done": true
  },
  "ars_nouveau:recipes/misc/ritual_warping": {
    "criteria": {
      "has_journal": "2025-10-29 09:28:42 -0300"
    },
    "done": true
  },
  "minecraft:recipes/building_blocks/polished_andesite_stairs_from_andesite_stonecutting": {
    "criteria": {
      "has_andesite": "2025-10-29 09:36:46 -0300"
    },
    "done": true
  },
  "ars_additions:recipes/misc/crafting/chains/sourcestone_chain": {
    "criteria": {
      "has_journal": "2025-10-29 09:28:42 -0300"
    },
    "done": true
  },
  "biomeswevegone:recipes/transportation/cypress_boat": {
    "criteria": {
      "in_water": "2025-10-29 09:31:52 -0300"
    },
    "done": true
  },
  "ars_nouveau:recipes/misc/reset_stable_warp_scroll": {
    "criteria": {
      "has_journal": "2025-10-29 09:28:42 -0300"
    },
    "done": true
  },
  "ars_nouveau:recipes/building_blocks/smooth_sourcestone_large_bricks_slab": {
    "criteria": {
      "has_journal": "2025-10-29 09:28:43 -0300"
    },
    "done": true
  },
  "minecraft:recipes/building_blocks/cobblestone_stairs": {
    "criteria": {
      "has_cobblestone": "2025-10-29 09:32:12 -0300"
    },
    "done": true
  },
  "ars_nouveau:recipes/misc/arcane_core": {
    "criteria": {
      "has_journal": "2025-10-29 09:28:43 -0300"
    },
    "done": true
  },
  "ars_nouveau:recipes/building_blocks/smooth_sourcestone_mosaic_slab": {
    "criteria": {
      "has_journal": "2025-10-29 09:28:43 -0300"
    },
    "done": true
  },
  "ars_nouveau:recipes/misc/ritual_containment": {
    "criteria": {
      "has_journal": "2025-10-29 09:28:42 -0300"
    },
    "done": true
  },
  "minecraft:recipes/building_blocks/polished_granite_stairs_from_granite_stonecutting": {
    "criteria": {
      "has_granite": "2025-10-29 09:36:13 -0300"
    },
    "done": true
  },
  "ars_nouveau:recipes/misc/ritual_flowering": {
    "criteria": {
      "has_journal": "2025-10-29 09:28:43 -0300"
    },
    "done": true
  },
  "ars_nouveau:recipes/misc/manipulation_essence_to_tuff": {
    "criteria": {
      "has_journal": "2025-10-29 09:28:43 -0300"
    },
    "done": true
  },
  "ars_nouveau:recipes/misc/purple_archwood_wood": {
    "criteria": {
      "has_journal": "2025-10-29 09:28:43 -0300"
    },
    "done": true
  },
  "irons_spellbooks:irons_spellbooks/make_inscription_table": {
    "criteria": {
      "inscription_table": "2025-10-29 11:22:11 -0300"
    },
    "done": true
  },
  "minecraft:recipes/transportation/jungle_boat": {
    "criteria": {
      "in_water": "2025-10-29 09:31:52 -0300"
    },
    "done": true
  },
  "ars_nouveau:recipes/misc/sconce": {
    "criteria": {
      "has_journal": "2025-10-29 09:28:43 -0300"
    },
    "done": true
  },
  "ars_nouveau:recipes/misc/smooth_gilded_sourcestone_small_bricks_to_sourcestone": {
    "criteria": {
      "has_journal": "2025-10-29 09:28:43 -0300"
    },
    "done": true
  },
  "minecraft:recipes/redstone/lever": {
    "criteria": {
      "has_cobblestone": "2025-10-29 09:32:12 -0300"
    },
    "done": true
  },
  "ars_additions:recipes/misc/clear_xp_jar": {
    "criteria": {
      "has_journal": "2025-10-29 09:28:43 -0300"
    },
    "done": true
  },
  "biomeswevegone:recipes/transportation/holly_boat": {
    "criteria": {
      "in_water": "2025-10-29 09:31:52 -0300"
    },
    "done": true
  },
  "ars_nouveau:recipes/misc/repository_controller": {
    "criteria": {
      "has_journal": "2025-10-29 09:28:43 -0300"
    },
    "done": true
  },
  "silentgems:recipes/misc/summon_puppy": {
    "criteria": {
      "has_item": "2025-10-29 09:36:52 -0300"
    },
    "done": true
  },
  "silentgems:recipes/building_blocks/peridot_lamp": {
    "criteria": {
      "has_item": "2025-10-29 09:36:52 -0300"
    },
    "done": true
  },
  "regions_unexplored:recipes/transportation/pine_boat": {
    "criteria": {
      "in_water": "2025-10-29 09:31:52 -0300"
    },
    "done": true
  },
  "ars_nouveau:recipes/misc/ritual_gravity": {
    "criteria": {
      "has_journal": "2025-10-29 09:28:42 -0300"
    },
    "done": true
  },
  "ars_nouveau:recipes/building_blocks/smooth_sourcestone_basketweave_slab": {
    "criteria": {
      "has_journal": "2025-10-29 09:28:42 -0300"
    },
    "done": true
  },
  "ars_nouveau:recipes/building_blocks/smooth_sourcestone_mosaic_stonecutter_stair": {
    "criteria": {
      "has_journal": "2025-10-29 09:28:43 -0300"
    },
    "done": true
  },
  "ars_nouveau:recipes/building_blocks/smooth_sourcestone_small_bricks_stone_cutterslab": {
    "criteria": {
      "has_journal": "2025-10-29 09:28:42 -0300"
    },
    "done": true
  },
  "minecraft:recipes/combat/stone_sword": {
    "criteria": {
      "has_cobblestone": "2025-10-29 09:32:12 -0300"
    },
    "done": true
  },
  "minecraft:recipes/decorations/cobblestone_wall": {
    "criteria": {
      "has_cobblestone": "2025-10-29 09:32:12 -0300"
    },
    "done": true
  },
  "ars_nouveau:recipes/misc/novice_spell_book": {
    "criteria": {
      "has_journal": "2025-10-29 09:28:43 -0300"
    },
    "done": true
  },
  "ars_nouveau:recipes/misc/sourcestone_basketweave_to_sourcestone": {
    "criteria": {
      "has_journal": "2025-10-29 09:28:43 -0300"
    },
    "done": true
  },
  "minecraft:recipes/tools/stone_axe": {
    "criteria": {
      "has_cobblestone": "2025-10-29 09:32:12 -0300"
    },
    "done": true
  },
  "silentgear:recipes/misc/stone_torch": {
    "criteria": {
      "has_item": "2025-10-29 09:42:23 -0300"
    },
    "done": true
  },
  "ars_nouveau:recipes/building_blocks/smooth_sourcestone_basketweave_stonecutter_stair": {
    "criteria": {
      "has_journal": "2025-10-29 09:28:42 -0300"
    },
    "done": true
  },
  "minecraft:recipes/building_blocks/diorite_slab": {
    "criteria": {
      "has_diorite": "2025-10-29 09:35:58 -0300"
    },
    "done": true
  },
  "ars_nouveau:recipes/misc/bastion_to_purple": {
    "criteria": {
      "has_journal": "2025-10-29 09:28:43 -0300"
    },
    "done": true
  },
  "ars_additions:recipes/misc/crafting/chains/reversed_sourcestone_chain": {
    "criteria": {
      "has_journal": "2025-10-29 09:28:42 -0300"
    },
    "done": true
  },
  "ars_nouveau:recipes/misc/alchemical_sourcelink": {
    "criteria": {
      "has_journal": "2025-10-29 09:28:43 -0300"
    },
    "done": true
  },
  "ars_nouveau:recipes/misc/source_berry_roll": {
    "criteria": {
      "has_journal": "2025-10-29 09:28:43 -0300"
    },
    "done": true
  },
  "ars_nouveau:recipes/misc/smooth_sourcestone_alternating_to_sourcestone": {
    "criteria": {
      "has_journal": "2025-10-29 09:28:42 -0300"
    },
    "done": true
  },
  "ars_nouveau:recipes/misc/falseweave": {
    "criteria": {
      "has_journal": "2025-10-29 09:28:42 -0300"
    },
    "done": true
  },
  "ars_nouveau:recipes/misc/scribes_table": {
    "criteria": {
      "has_journal": "2025-10-29 09:28:43 -0300"
    },
    "done": true
  },
  "ars_nouveau:recipes/misc/manipulation_essence_to_calcite": {
    "criteria": {
      "has_journal": "2025-10-29 09:28:42 -0300"
    },
    "done": true
  },
  "ars_nouveau:recipes/building_blocks/sourcestone_large_bricks_slab": {
    "criteria": {
      "has_journal": "2025-10-29 09:28:43 -0300"
    },
    "done": true
  },
  "ars_nouveau:recipes/misc/archwood_trapdoor": {
    "criteria": {
      "has_journal": "2025-10-29 09:28:43 -0300"
    },
    "done": true
  },
  "ars_nouveau:recipes/misc/green_sbed": {
    "criteria": {
      "has_journal": "2025-10-29 09:28:42 -0300"
    },
    "done": true
  },
  "ars_nouveau:recipes/building_blocks/gilded_sourcestone_alternating_slab": {
    "criteria": {
      "has_journal": "2025-10-29 09:28:43 -0300"
    },
    "done": true
  },
  "silentgems:recipes/building_blocks/peridot_small_bricks": {
    "criteria": {
      "has_item": "2025-10-29 09:36:52 -0300"
    },
    "done": true
  },
  "ars_nouveau:recipes/misc/smooth_gilded_sourcestone_basketweave_to_sourcestone": {
    "criteria": {
      "has_journal": "2025-10-29 09:28:43 -0300"
    },
    "done": true
  },
  "ars_nouveau:recipes/misc/horn_to_bonemeal": {
    "criteria": {
      "has_journal": "2025-10-29 09:28:43 -0300"
    },
    "done": true
  },
  "ars_additions:recipes/misc/crafting/revert/cracked_polished_sourcestone_large_bricks_to_sourcestone": {
    "criteria": {
      "has_journal": "2025-10-29 09:28:43 -0300"
    },
    "done": true
  },
  "ars_nouveau:recipes/building_blocks/smooth_sourcestone_large_bricks_stonecutter_stair": {
    "criteria": {
      "has_journal": "2025-10-29 09:28:43 -0300"
    },
    "done": true
  },
  "ars_nouveau:recipes/building_blocks/smooth_gilded_sourcestone_alternating_slab": {
    "criteria": {
      "has_journal": "2025-10-29 09:28:43 -0300"
    },
    "done": true
  },
  "silentgems:recipes/building_blocks/peridot_tiles": {
    "criteria": {
      "has_item": "2025-10-29 09:36:52 -0300"
    },
    "done": true
  },
  "ars_nouveau:recipes/misc/worn_notebook": {
    "criteria": {
      "has_journal": "2025-10-29 09:28:42 -0300"
    },
    "done": true
  },
  "irons_spellbooks:irons_spellbooks/root": {
    "criteria": {
      "inscription_table": "2025-10-29 11:22:11 -0300"
    },
    "done": true
  },
  "ars_nouveau:recipes/misc/potion_jar_empty": {
    "criteria": {
      "has_journal": "2025-10-29 09:28:43 -0300"
    },
    "done": true
  },
  "ars_nouveau:recipes/misc/fire_essence_to_magma_block": {
    "criteria": {
      "has_journal": "2025-10-29 09:28:42 -0300"
    },
    "done": true
  },
  "ars_nouveau:recipes/misc/source_gem_block": {
    "criteria": {
      "has_journal": "2025-10-29 09:28:42 -0300"
    },
    "done": true
  },
  "ars_additions:recipes/decorations/crafting/stonecutter/sourcestone_wall_0": {
    "criteria": {
      "has_journal": "2025-10-29 09:28:42 -0300"
    },
    "done": true
  },
  "regions_unexplored:recipes/transportation/socotra_boat": {
    "criteria": {
      "in_water": "2025-10-29 09:31:52 -0300"
    },
    "done": true
  },
  "minecraft:recipes/misc/coal_from_blasting_coal_ore": {
    "criteria": {
      "has_coal_ore": "2025-10-29 09:47:16 -0300"
    },
    "done": true
  },
  "ars_nouveau:recipes/building_blocks/archwood_pressure_plate": {
    "criteria": {
      "has_journal": "2025-10-29 09:28:42 -0300"
    },
    "done": true
  },
  "ars_nouveau:recipes/misc/archwood_to_chest": {
    "criteria": {
      "has_journal": "2025-10-29 09:28:42 -0300"
    },
    "done": true
  },
  "minecraft:recipes/decorations/diorite_wall": {
    "criteria": {
      "has_diorite": "2025-10-29 09:35:58 -0300"
    },
    "done": true
  },
  "ars_nouveau:recipes/misc/clear_whirlisprig_charm": {
    "criteria": {
      "has_journal": "2025-10-29 09:28:43 -0300"
    },
    "done": true
  },
  "ars_nouveau:recipes/misc/rotating_spell_turret": {
    "criteria": {
      "has_journal": "2025-10-29 09:28:43 -0300"
    },
    "done": true
  },
  "minecraft:recipes/misc/white_dye_from_bwg_2_dye_tag": {
    "criteria": {
      "has_2_dye_tag": "2025-10-29 11:12:08 -0300"
    },
    "done": true
  },
  "minecraft:recipes/transportation/spruce_boat": {
    "criteria": {
      "in_water": "2025-10-29 09:31:52 -0300"
    },
    "done": true
  },
  "ars_nouveau:recipes/misc/manipulation_essence_to_granite": {
    "criteria": {
      "has_journal": "2025-10-29 09:28:43 -0300"
    },
    "done": true
  },
  "regions_unexplored:recipes/transportation/dead_boat": {
    "criteria": {
      "in_water": "2025-10-29 09:31:52 -0300"
    },
    "done": true
  },
  "ars_nouveau:recipes/misc/smooth_gilded_sourcestone_alternating_to_sourcestone": {
    "criteria": {
      "has_journal": "2025-10-29 09:28:42 -0300"
    },
    "done": true
  },
  "betterdeserttemples:root": {
    "criteria": {
      "always": "2025-10-29 09:28:43 -0300"
    },
    "done": true
  },
  "ars_nouveau:recipes/misc/manipulation_essence_to_grass_block": {
    "criteria": {
      "has_journal": "2025-10-29 09:28:42 -0300"
    },
    "done": true
  },
  "ars_nouveau:recipes/misc/greater_experience_gem": {
    "criteria": {
      "has_journal": "2025-10-29 09:28:43 -0300"
    },
    "done": true
  },
  "ars_nouveau:recipes/misc/sourceberry_sack_to_bush": {
    "criteria": {
      "has_journal": "2025-10-29 09:28:42 -0300"
    },
    "done": true
  },
  "minecraft:recipes/building_blocks/andesite_slab_from_andesite_stonecutting": {
    "criteria": {
      "has_andesite": "2025-10-29 09:36:46 -0300"
    },
    "done": true
  },
  "ars_nouveau:recipes/misc/mendosteen_to_lime": {
    "criteria": {
      "has_journal": "2025-10-29 09:28:42 -0300"
    },
    "done": true
  },
  "biomeswevegone:recipes/transportation/blue_enchanted_boat": {
    "criteria": {
      "in_water": "2025-10-29 09:31:52 -0300"
    },
    "done": true
  },
  "ars_elemental:recipes/misc/ritual_attraction": {
    "criteria": {
      "has_journal": "2025-10-29 09:28:43 -0300"
    },
    "done": true
  },
  "minecraft:recipes/transportation/mangrove_boat": {
    "criteria": {
      "in_water": "2025-10-29 09:31:52 -0300"
    },
    "done": true
  },
  "ars_nouveau:recipes/building_blocks/smooth_sourcestone_stone_cutterslab": {
    "criteria": {
      "has_journal": "2025-10-29 09:28:43 -0300"
    },
    "done": true
  },
  "ars_additions:recipes/misc/crafting/chains/reversed_polished_sourcestone_chain": {
    "criteria": {
      "has_journal": "2025-10-29 09:28:43 -0300"
    },
    "done": true
  },
  "ars_nouveau:recipes/building_blocks/gilded_sourcestone_small_bricks_slab": {
    "criteria": {
      "has_journal": "2025-10-29 09:28:43 -0300"
    },
    "done": true
  },
  "ars_nouveau:recipes/misc/archwood_stairs": {
    "criteria": {
      "has_journal": "2025-10-29 09:28:43 -0300"
    },
    "done": true
  },
  "ars_nouveau:recipes/misc/smooth_sourcestone_large_bricks_stairs": {
    "criteria": {
      "has_journal": "2025-10-29 09:28:42 -0300"
    },
    "done": true
  },
  "ars_nouveau:recipes/misc/smooth_gilded_sourcestone_basketweave_stairs": {
    "criteria": {
      "has_journal": "2025-10-29 09:28:42 -0300"
    },
    "done": true
  },
  "mahoutsukai:bakuretsu": {
    "criteria": {
      "mahoutsukai:bakuretsu": "2025-10-29 09:54:07 -0300"
    },
    "done": true
  },
  "refurbished_furniture:recipes/misc/constructing/andesite_stepping_stones": {
    "criteria": {
      "has_minecraft:andesite": "2025-10-29 09:36:46 -0300"
    },
    "done": true
  },
  "ars_nouveau:recipes/misc/enchanting_apparatus": {
    "criteria": {
      "has_journal": "2025-10-29 09:28:42 -0300"
    },
    "done": true
  },
  "silentgems:recipes/building_blocks/peridot_glass": {
    "criteria": {
      "has_item": "2025-10-29 09:36:52 -0300"
    },
    "done": true
  },
  "enderio:recipes/misc/erase_slice_and_splice": {
    "criteria": {
      "has_ingredient": "2025-10-29 10:08:52 -0300"
    },
    "done": true
  },
  "ars_nouveau:recipes/building_blocks/smooth_sourcestone_alternating_slab": {
    "criteria": {
      "has_journal": "2025-10-29 09:28:42 -0300"
    },
    "done": true
  },
  "dungeons_arise:find_lighthouse": {
    "criteria": {
      "location0": "2025-10-29 10:08:55 -0300"
    },
    "done": true
  },
  "enderio:recipes/misc/erase_sag_mill": {
    "criteria": {
      "has_ingredient": "2025-10-29 10:08:50 -0300"
    },
    "done": true
  },
  "ars_nouveau:recipes/misc/orange_sbed": {
    "criteria": {
      "has_journal": "2025-10-29 09:28:43 -0300"
    },
    "done": true
  },
  "minecraft:recipes/misc/iron_ingot_from_smelting_raw_iron": {
    "criteria": {
      "has_raw_iron": "2025-10-29 09:40:08 -0300"
    },
    "done": true
  },
  "ars_nouveau:recipes/building_blocks/sourcestone_small_bricks_slab": {
    "criteria": {
      "has_journal": "2025-10-29 09:28:43 -0300"
    },
    "done": true
  },
  "ars_nouveau:recipes/misc/mycelial_sourcelink": {
    "criteria": {
      "has_journal": "2025-10-29 09:28:42 -0300"
    },
    "done": true
  },
  "ars_additions:recipes/decorations/crafting/stonecutter/polished_sourcestone_button_0": {
    "criteria": {
      "has_journal": "2025-10-29 09:28:42 -0300"
    },
    "done": true
  },
  "ars_nouveau:recipes/misc/water_essence_to_bucket": {
    "criteria": {
      "has_journal": "2025-10-29 09:28:43 -0300"
    },
    "done": true
  },
  "regions_unexplored:regions_explored": {
    "criteria": {
      "temperate_grove": "2025-10-29 09:49:54 -0300"
    },
    "done": false
  },
  "minecraft:recipes/decorations/diorite_wall_from_diorite_stonecutting": {
    "criteria": {
      "has_diorite": "2025-10-29 09:35:58 -0300"
    },
    "done": true
  },
  "silentgems:recipes/misc/sparkling_bone_meal": {
    "criteria": {
      "has_item": "2025-10-29 09:36:52 -0300"
    },
    "done": true
  },
  "ars_nouveau:recipes/decorations/sourcestone_6": {
    "criteria": {
      "has_journal": "2025-10-29 09:28:42 -0300"
    },
    "done": true
  },
  "ars_nouveau:recipes/decorations/sourcestone_5": {
    "criteria": {
      "has_journal": "2025-10-29 09:28:42 -0300"
    },
    "done": true
  },
  "ars_nouveau:recipes/decorations/sourcestone_8": {
    "criteria": {
      "has_journal": "2025-10-29 09:28:42 -0300"
    },
    "done": true
  },
  "ars_nouveau:recipes/decorations/sourcestone_7": {
    "criteria": {
      "has_journal": "2025-10-29 09:28:42 -0300"
    },
    "done": true
  },
  "ars_nouveau:recipes/decorations/sourcestone_9": {
    "criteria": {
      "has_journal": "2025-10-29 09:28:42 -0300"
    },
    "done": true
  },
  "ars_nouveau:recipes/decorations/sourcestone_2": {
    "criteria": {
      "has_journal": "2025-10-29 09:28:42 -0300"
    },
    "done": true
  },
  "ars_nouveau:recipes/decorations/sourcestone_1": {
    "criteria": {
      "has_journal": "2025-10-29 09:28:42 -0300"
    },
    "done": true
  },
  "ars_nouveau:recipes/decorations/sourcestone_4": {
    "criteria": {
      "has_journal": "2025-10-29 09:28:42 -0300"
    },
    "done": true
  },
  "ars_nouveau:recipes/decorations/sourcestone_3": {
    "criteria": {
      "has_journal": "2025-10-29 09:28:42 -0300"
    },
    "done": true
  },
  "ars_additions:recipes/misc/crafting/revert/cracked_polished_sourcestone_small_bricks_to_sourcestone": {
    "criteria": {
      "has_journal": "2025-10-29 09:28:43 -0300"
    },
    "done": true
  },
  "ars_additions:recipes/decorations/crafting/stonecutter/sourcestone_button_0": {
    "criteria": {
      "has_journal": "2025-10-29 09:28:42 -0300"
    },
    "done": true
  },
  "dungeons_arise:find_small_blimp": {
    "criteria": {
      "location0": "2025-10-29 09:31:20 -0300"
    },
    "done": true
  },
  "biomeswevegone:recipes/transportation/green_enchanted_boat": {
    "criteria": {
      "in_water": "2025-10-29 09:31:52 -0300"
    },
    "done": true
  },
  "ars_nouveau:recipes/misc/sourcestone_sconce": {
    "criteria": {
      "has_journal": "2025-10-29 09:28:42 -0300"
    },
    "done": true
  },
  "forbidden_arcanus:recipes/tools/stone_blacksmith_gavel": {
    "criteria": {
      "has_stone_tool_materials": "2025-10-29 09:32:12 -0300"
    },
    "done": true
  },
  "regions_unexplored:recipes/transportation/baobab_boat": {
    "criteria": {
      "in_water": "2025-10-29 09:31:52 -0300"
    },
    "done": true
  },
  "ars_additions:recipes/decorations/crafting/stonecutter/cracked_polished_sourcestone_wall_0": {
    "criteria": {
      "has_journal": "2025-10-29 09:28:43 -0300"
    },
    "done": true
  },
  "ars_additions:recipes/misc/crafting/lanterns/magelight_lantern": {
    "criteria": {
      "has_journal": "2025-10-29 09:28:43 -0300"
    },
    "done": true
  },
  "ars_nouveau:recipes/misc/ring_of_potential": {
    "criteria": {
      "has_journal": "2025-10-29 09:28:42 -0300"
    },
    "done": true
  },
  "ars_nouveau:recipes/misc/magebloom_fiber": {
    "criteria": {
      "has_journal": "2025-10-29 09:28:42 -0300"
    },
    "done": true
  },
  "minecraft:recipes/building_blocks/polished_granite": {
    "criteria": {
      "has_granite": "2025-10-29 09:36:13 -0300"
    },
    "done": true
  },
  "silentgems:recipes/building_blocks/peridot_bricks": {
    "criteria": {
      "has_item": "2025-10-29 09:36:52 -0300"
    },
    "done": true
  },
  "ars_nouveau:recipes/misc/smooth_gilded_sourcestone_alternating_stairs": {
    "criteria": {
      "has_journal": "2025-10-29 09:28:43 -0300"
    },
    "done": true
  },
  "ars_additions:recipes/decorations/crafting/stonecutter/sourcestone_door_0": {
    "criteria": {
      "has_journal": "2025-10-29 09:28:43 -0300"
    },
    "done": true
  },
  "enderio:recipes/misc/erase_painting_machine": {
    "criteria": {
      "has_ingredient": "2025-10-29 10:08:41 -0300"
    },
    "done": true
  },
  "minecraft:recipes/building_blocks/dripstone_block": {
    "criteria": {
      "has_pointed_dripstone": "2025-10-29 09:40:13 -0300"
    },
    "done": true
  },
  "regions_unexplored:pioneer": {
    "criteria": {
      "temperate_grove": "2025-10-29 09:49:54 -0300"
    },
    "done": false
  },
  "ars_nouveau:recipes/misc/ritual_conjure_island_plains": {
    "criteria": {
      "has_journal": "2025-10-29 09:28:42 -0300"
    },
    "done": true
  },
  "silentgems:recipes/misc/peridot_from_block": {
    "criteria": {
      "has_item": "2025-10-29 09:36:52 -0300"
    },
    "done": true
  },
  "ars_nouveau:recipes/misc/sourcestone_mosaic_to_sourcestone": {
    "criteria": {
      "has_journal": "2025-10-29 09:28:43 -0300"
    },
    "done": true
  },
  "ars_nouveau:recipes/misc/gilded_sourcestone_basketweave_stairs": {
    "criteria": {
      "has_journal": "2025-10-29 09:28:43 -0300"
    },
    "done": true
  },
  "artifacts:amateur_archaeologist": {
    "criteria": {
      "find_artifact": "2025-10-29 10:14:25 -0300"
    },
    "done": true
  },
  "ars_nouveau:recipes/misc/ritual_challenge": {
    "criteria": {
      "has_journal": "2025-10-29 09:28:42 -0300"
    },
    "done": true
  },
  "minecraft:recipes/building_blocks/polished_diorite_from_diorite_stonecutting": {
    "criteria": {
      "has_diorite": "2025-10-29 09:35:58 -0300"
    },
    "done": true
  },
  "ars_nouveau:recipes/misc/gilded_sourcestone_alternating_to_sourcestone": {
    "criteria": {
      "has_journal": "2025-10-29 09:28:43 -0300"
    },
    "done": true
  },
  "ars_nouveau:recipes/misc/alteration_table": {
    "criteria": {
      "has_journal": "2025-10-29 09:28:42 -0300"
    },
    "done": true
  },
  "ars_nouveau:recipes/misc/experience_gem": {
    "criteria": {
      "has_journal": "2025-10-29 09:28:43 -0300"
    },
    "done": true
  },
  "ars_nouveau:recipes/misc/conjuration_essence_to_end_stone": {
    "criteria": {
      "has_journal": "2025-10-29 09:28:43 -0300"
    },
    "done": true
  },
  "ars_nouveau:recipes/misc/yellow_sbed": {
    "criteria": {
      "has_journal": "2025-10-29 09:28:42 -0300"
    },
    "done": true
  },
  "ars_elemental:recipes/misc/ritual_archwood_forestation": {
    "criteria": {
      "has_journal": "2025-10-29 09:28:42 -0300"
    },
    "done": true
  },
  "ars_nouveau:recipes/misc/sourcestone_grate": {
    "criteria": {
      "has_journal": "2025-10-29 09:28:42 -0300"
    },
    "done": true
  },
  "ars_elemental:recipes/misc/spore_blossom_up": {
    "criteria": {
      "has_journal": "2025-10-29 09:28:42 -0300"
    },
    "done": true
  },
  "silentgems:recipes/building_blocks/peridot_lamp_inverted_on": {
    "criteria": {
      "has_item": "2025-10-29 09:36:52 -0300"
    },
    "done": true
  },
  "ars_nouveau:recipes/misc/ritual_conjure_island_desert": {
    "criteria": {
      "has_journal": "2025-10-29 09:28:43 -0300"
    },
    "done": true
  },
  "ars_nouveau:recipes/misc/magebloom_block_to_magebloom": {
    "criteria": {
      "has_journal": "2025-10-29 09:28:42 -0300"
    },
    "done": true
  },
  "minecraft:recipes/building_blocks/diorite_stairs": {
    "criteria": {
      "has_diorite": "2025-10-29 09:35:58 -0300"
    },
    "done": true
  },
  "ars_nouveau:recipes/building_blocks/sourcestone_mosaic_slab": {
    "criteria": {
      "has_journal": "2025-10-29 09:28:43 -0300"
    },
    "done": true
  },
  "ars_nouveau:recipes/misc/sourcestone_large_bricks_stairs": {
    "criteria": {
      "has_journal": "2025-10-29 09:28:43 -0300"
    },
    "done": true
  },
  "regions_unexplored:recipes/transportation/joshua_boat": {
    "criteria": {
      "in_water": "2025-10-29 09:31:52 -0300"
    },
    "done": true
  },
  "ars_additions:recipes/decorations/crafting/stonecutter/polished_sourcestone_wall_0": {
    "criteria": {
      "has_journal": "2025-10-29 09:28:42 -0300"
    },
    "done": true
  },
  "ars_nouveau:recipes/misc/bombegranate_to_orange": {
    "criteria": {
      "has_journal": "2025-10-29 09:28:43 -0300"
    },
    "done": true
  },
  "minecraft:recipes/transportation/dark_oak_boat": {
    "criteria": {
      "in_water": "2025-10-29 09:31:52 -0300"
    },
    "done": true
  },
  "ars_nouveau:recipes/misc/dull_trinket": {
    "criteria": {
      "has_journal": "2025-10-29 09:28:42 -0300"
    },
    "done": true
  },
  "ars_nouveau:recipes/misc/spike_to_dye": {
    "criteria": {
      "has_journal": "2025-10-29 09:28:43 -0300"
    },
    "done": true
  },
  "ars_nouveau:recipes/misc/rotating_turret_to_basic_spell_turret": {
    "criteria": {
      "has_journal": "2025-10-29 09:28:43 -0300"
    },
    "done": true
  },
  "ars_nouveau:recipes/misc/ritual_moonfall": {
    "criteria": {
      "has_journal": "2025-10-29 09:28:42 -0300"
    },
    "done": true
  },
  "ars_elemental:recipes/misc/curio_bag": {
    "criteria": {
      "has_journal": "2025-10-29 09:28:42 -0300"
    },
    "done": true
  },
  "ars_nouveau:recipes/misc/smooth_sourcestone_grate": {
    "criteria": {
      "has_journal": "2025-10-29 09:28:42 -0300"
    },
    "done": true
  },
  "ars_nouveau:recipes/misc/polished_sconce": {
    "criteria": {
      "has_journal": "2025-10-29 09:28:42 -0300"
    },
    "done": true
  },
  "ars_nouveau:recipes/building_blocks/sourcestone_small_bricks_stonecutter_stair": {
    "criteria": {
      "has_journal": "2025-10-29 09:28:42 -0300"
    },
    "done": true
  },
  "ars_nouveau:recipes/misc/magelight_torch": {
    "criteria": {
      "has_journal": "2025-10-29 09:28:42 -0300"
    },
    "done": true
  },
  "biomeswevegone:recipes/transportation/willow_boat": {
    "criteria": {
      "in_water": "2025-10-29 09:31:52 -0300"
    },
    "done": true
  },
  "biomeswevegone:biomeswevegone/root": {
    "criteria": {
      "tick": "2025-10-29 09:28:43 -0300"
    },
    "done": true
  },
  "minecraft:recipes/building_blocks/lapis_block": {
    "criteria": {
      "has_lapis_lazuli": "2025-10-29 09:44:48 -0300"
    },
    "done": true
  },
  "ars_nouveau:recipes/misc/platform_to_pedestal": {
    "criteria": {
      "has_journal": "2025-10-29 09:28:43 -0300"
    },
    "done": true
  },
  "ars_nouveau:recipes/building_blocks/gilded_sourcestone_large_bricks_slab": {
    "criteria": {
      "has_journal": "2025-10-29 09:28:43 -0300"
    },
    "done": true
  },
  "ars_additions:recipes/misc/crafting/buttons/sourcestone_button": {
    "criteria": {
      "has_journal": "2025-10-29 09:28:43 -0300"
    },
    "done": true
  },
  "ars_nouveau:recipes/misc/novice_spellbook_alt": {
    "criteria": {
      "has_journal": "2025-10-29 09:28:42 -0300"
    },
    "done": true
  },
  "ars_additions:recipes/misc/ritual/ritual_locate_structure": {
    "criteria": {
      "has_journal": "2025-10-29 09:28:42 -0300"
    },
    "done": true
  },
  "ars_nouveau:recipes/building_blocks/smooth_gilded_sourcestone_small_bricks_stonecutter_stair": {
    "criteria": {
      "has_journal": "2025-10-29 09:28:43 -0300"
    },
    "done": true
  },
  "ars_nouveau:recipes/misc/imbuement_chamber": {
    "criteria": {
      "has_journal": "2025-10-29 09:28:43 -0300"
    },
    "done": true
  },
  "ars_elemental:recipes/misc/yellow_archwood": {
    "criteria": {
      "has_journal": "2025-10-29 09:28:43 -0300"
    },
    "done": true
  },
  "ars_nouveau:recipes/building_blocks/archwood_slab": {
    "criteria": {
      "has_journal": "2025-10-29 09:28:42 -0300"
    },
    "done": true
  },
  "minecraft:story/mine_stone": {
    "criteria": {
      "get_stone": "2025-10-29 09:32:12 -0300"
    },
    "done": true
  },
  "minecraft:recipes/decorations/furnace": {
    "criteria": {
      "has_cobblestone": "2025-10-29 09:32:12 -0300"
    },
    "done": true
  },
  "ars_nouveau:recipes/misc/ritual_binding": {
    "criteria": {
      "has_journal": "2025-10-29 09:28:43 -0300"
    },
    "done": true
  },
  "minecraft:recipes/building_blocks/andesite_stairs": {
    "criteria": {
      "has_andesite": "2025-10-29 09:36:46 -0300"
    },
    "done": true
  },
  "ars_nouveau:root": {
    "criteria": {
      "ars_nouveau:worn_notebook": "2025-10-29 09:28:42 -0300"
    },
    "done": true
  },
  "silentgems:recipes/building_blocks/chiseled_peridot": {
    "criteria": {
      "has_item": "2025-10-29 09:36:52 -0300"
    },
    "done": true
  },
  "ars_additions:recipes/misc/crafting/revert/cracked_polished_sourcestone_to_sourcestone": {
    "criteria": {
      "has_journal": "2025-10-29 09:28:43 -0300"
    },
    "done": true
  },
  "ars_nouveau:recipes/misc/wing_to_leather": {
    "criteria": {
      "has_journal": "2025-10-29 09:28:42 -0300"
    },
    "done": true
  },
  "ars_nouveau:recipes/misc/runic_chalk": {
    "criteria": {
      "has_journal": "2025-10-29 09:28:43 -0300"
    },
    "done": true
  },
  "ars_nouveau:recipes/building_blocks/gilded_sourcestone_basketweave_stone_cutterslab": {
    "criteria": {
      "has_journal": "2025-10-29 09:28:43 -0300"
    },
    "done": true
  },
  "refurbished_furniture:recipes/misc/constructing/granite_stepping_stones": {
    "criteria": {
      "has_minecraft:granite": "2025-10-29 09:36:13 -0300"
    },
    "done": true
  },
  "ars_additions:recipes/misc/crafting/chains/golden_chain": {
    "criteria": {
      "has_journal": "2025-10-29 09:28:42 -0300"
    },
    "done": true
  },
  "biomeswevegone:recipes/building_blocks/rocky_stone": {
    "criteria": {
      "has_cobblestone": "2025-10-29 09:32:12 -0300"
    },
    "done": true
  },
  "ars_nouveau:recipes/misc/blue_sbed": {
    "criteria": {
      "has_journal": "2025-10-29 09:28:42 -0300"
    },
    "done": true
  },
  "ars_nouveau:recipes/misc/ritual_restoration": {
    "criteria": {
      "has_journal": "2025-10-29 09:28:42 -0300"
    },
    "done": true
  },
  "biomeswevegone:recipes/transportation/pine_boat": {
    "criteria": {
      "in_water": "2025-10-29 09:31:52 -0300"
    },
    "done": true
  },
  "forbidden_arcanus:recipes/misc/clibano_combustion/obsidiansteel_ingot_from_clibano_combustion": {
    "criteria": {
      "has_raw_iron": "2025-10-29 09:40:08 -0300"
    },
    "done": true
  },
  "ars_nouveau:recipes/misc/sourcestone": {
    "criteria": {
      "has_journal": "2025-10-29 09:28:42 -0300"
    },
    "done": true
  },
  "ars_additions:recipes/misc/clear_advanced_dominion_wand": {
    "criteria": {
      "has_journal": "2025-10-29 09:28:42 -0300"
    },
    "done": true
  },
  "ars_nouveau:recipes/misc/smooth_sourcestone_to_sourcestone": {
    "criteria": {
      "has_journal": "2025-10-29 09:28:43 -0300"
    },
    "done": true
  },
  "ars_nouveau:recipes/decorations/sourcestone_19": {
    "criteria": {
      "has_journal": "2025-10-29 09:28:43 -0300"
    },
    "done": true
  },
  "ars_nouveau:recipes/decorations/sourcestone_18": {
    "criteria": {
      "has_journal": "2025-10-29 09:28:43 -0300"
    },
    "done": true
  },
  "ars_nouveau:recipes/decorations/sourcestone_11": {
    "criteria": {
      "has_journal": "2025-10-29 09:28:43 -0300"
    },
    "done": true
  },
  "ars_nouveau:recipes/decorations/sourcestone_10": {
    "criteria": {
      "has_journal": "2025-10-29 09:28:43 -0300"
    },
    "done": true
  },
  "ars_nouveau:recipes/decorations/sourcestone_13": {
    "criteria": {
      "has_journal": "2025-10-29 09:28:43 -0300"
    },
    "done": true
  },
  "ars_nouveau:recipes/decorations/sourcestone_12": {
    "criteria": {
      "has_journal": "2025-10-29 09:28:43 -0300"
    },
    "done": true
  },
  "ars_nouveau:recipes/decorations/sourcestone_15": {
    "criteria": {
      "has_journal": "2025-10-29 09:28:43 -0300"
    },
    "done": true
  },
  "ars_nouveau:recipes/decorations/sourcestone_14": {
    "criteria": {
      "has_journal": "2025-10-29 09:28:43 -0300"
    },
    "done": true
  },
  "ars_nouveau:recipes/decorations/sourcestone_17": {
    "criteria": {
      "has_journal": "2025-10-29 09:28:43 -0300"
    },
    "done": true
  },
  "ars_nouveau:recipes/decorations/sourcestone_16": {
    "criteria": {
      "has_journal": "2025-10-29 09:28:43 -0300"
    },
    "done": true
  },
  "ars_nouveau:recipes/misc/smooth_gilded_sourcestone_large_bricks_stairs": {
    "criteria": {
      "has_journal": "2025-10-29 09:28:43 -0300"
    },
    "done": true
  },
  "ars_nouveau:recipes/misc/ritual_sanctuary": {
    "criteria": {
      "has_journal": "2025-10-29 09:28:43 -0300"
    },
    "done": true
  },
  "minecraft:recipes/building_blocks/cobblestone_slab_from_cobblestone_stonecutting": {
    "criteria": {
      "has_cobblestone": "2025-10-29 09:32:12 -0300"
    },
    "done": true
  },
  "ars_additions:recipes/misc/crafting/doors/sourcestone_door": {
    "criteria": {
      "has_journal": "2025-10-29 09:28:43 -0300"
    },
    "done": true
  },
  "ars_nouveau:recipes/building_blocks/archwood_button": {
    "criteria": {
      "has_journal": "2025-10-29 09:28:42 -0300"
    },
    "done": true
  },
  "ars_additions:recipes/decorations/crafting/stonecutter/polished_sourcestone_door_0": {
    "criteria": {
      "has_journal": "2025-10-29 09:28:42 -0300"
    },
    "done": true
  },
  "ars_nouveau:recipes/misc/archwood_chest": {
    "criteria": {
      "has_journal": "2025-10-29 09:28:43 -0300"
    },
    "done": true
  },
  "ars_nouveau:recipes/building_blocks/smooth_sourcestone_stonecutter_stair": {
    "criteria": {
      "has_journal": "2025-10-29 09:28:42 -0300"
    },
    "done": true
  },
  "ars_nouveau:recipes/building_blocks/smooth_sourcestone_basketweave_stone_cutterslab": {
    "criteria": {
      "has_journal": "2025-10-29 09:28:43 -0300"
    },
    "done": true
  },
  "ars_nouveau:recipes/building_blocks/smooth_gilded_sourcestone_alternating_stone_cutterslab": {
    "criteria": {
      "has_journal": "2025-10-29 09:28:42 -0300"
    },
    "done": true
  },
  "ars_nouveau:recipes/decorations/sourcestone_20": {
    "criteria": {
      "has_journal": "2025-10-29 09:28:43 -0300"
    },
    "done": true
  },
  "ars_nouveau:recipes/misc/gilded_sourcestone_mosaic_to_sourcestone": {
    "criteria": {
      "has_journal": "2025-10-29 09:28:42 -0300"
    },
    "done": true
  },
  "minecraft:recipes/building_blocks/stone": {
    "criteria": {
      "has_cobblestone": "2025-10-29 09:32:12 -0300"
    },
    "done": true
  },
  "ars_nouveau:recipes/decorations/sourcestone_21": {
    "criteria": {
      "has_journal": "2025-10-29 09:28:43 -0300"
    },
    "done": true
  },
  "minecraft:recipes/transportation/bamboo_raft": {
    "criteria": {
      "in_water": "2025-10-29 09:31:52 -0300"
    },
    "done": true
  },
  "ars_nouveau:recipes/misc/annotated_codex": {
    "criteria": {
      "has_journal": "2025-10-29 09:28:42 -0300"
    },
    "done": true
  },
  "ars_nouveau:recipes/misc/sourcestone_stairs": {
    "criteria": {
      "has_journal": "2025-10-29 09:28:42 -0300"
    },
    "done": true
  },
  "ars_additions:recipes/misc/crafting/trapdoors/sourcestone_trapdoor": {
    "criteria": {
      "has_journal": "2025-10-29 09:28:43 -0300"
    },
    "done": true
  },
  "ars_nouveau:recipes/misc/volcanic_sourcelink": {
    "criteria": {
      "has_journal": "2025-10-29 09:28:43 -0300"
    },
    "done": true
  },
  "ars_nouveau:recipes/misc/sourceberry_to_purple": {
    "criteria": {
      "has_journal": "2025-10-29 09:28:42 -0300"
    },
    "done": true
  },
  "ars_nouveau:recipes/building_blocks/gilded_sourcestone_alternating_stonecutter_stair": {
    "criteria": {
      "has_journal": "2025-10-29 09:28:42 -0300"
    },
    "done": true
  },
  "minecraft:recipes/building_blocks/polished_granite_from_granite_stonecutting": {
    "criteria": {
      "has_granite": "2025-10-29 09:36:13 -0300"
    },
    "done": true
  },
  "ars_nouveau:recipes/misc/source_gem_block_2": {
    "criteria": {
      "has_journal": "2025-10-29 09:28:42 -0300"
    },
    "done": true
  },
  "ars_nouveau:recipes/building_blocks/gilded_sourcestone_large_bricks_stone_cutterslab": {
    "criteria": {
      "has_journal": "2025-10-29 09:28:43 -0300"
    },
    "done": true
  },
  "ars_nouveau:recipes/misc/arcane_platform": {
    "criteria": {
      "has_journal": "2025-10-29 09:28:42 -0300"
    },
    "done": true
  },
  "ars_elemental:recipes/redstone/advanced_prism": {
    "criteria": {
      "has_journal": "2025-10-29 09:28:43 -0300"
    },
    "done": true
  },
  "ars_nouveau:recipes/building_blocks/archwood_door": {
    "criteria": {
      "has_journal": "2025-10-29 09:28:42 -0300"
    },
    "done": true
  },
  "minecraft:recipes/building_blocks/polished_diorite_stairs_from_diorite_stonecutting": {
    "criteria": {
      "has_diorite": "2025-10-29 09:35:58 -0300"
    },
    "done": true
  },
  "regions_unexplored:recipes/transportation/kapok_boat": {
    "criteria": {
      "in_water": "2025-10-29 09:31:52 -0300"
    },
    "done": true
  },
  "regions_unexplored:recipes/transportation/cypress_boat": {
    "criteria": {
      "in_water": "2025-10-29 09:31:52 -0300"
    },
    "done": true
  },
  "ars_nouveau:recipes/misc/vitalic_sourcelink": {
    "criteria": {
      "has_journal": "2025-10-29 09:28:43 -0300"
    },
    "done": true
  },
  "ars_additions:recipes/decorations/crafting/stonecutter/sourcestone_5": {
    "criteria": {
      "has_journal": "2025-10-29 09:28:42 -0300"
    },
    "done": true
  },
  "ars_additions:recipes/decorations/crafting/stonecutter/sourcestone_4": {
    "criteria": {
      "has_journal": "2025-10-29 09:28:42 -0300"
    },
    "done": true
  },
  "ars_additions:recipes/decorations/crafting/stonecutter/sourcestone_3": {
    "criteria": {
      "has_journal": "2025-10-29 09:28:42 -0300"
    },
    "done": true
  },
  "ars_additions:recipes/decorations/crafting/stonecutter/sourcestone_2": {
    "criteria": {
      "has_journal": "2025-10-29 09:28:42 -0300"
    },
    "done": true
  },
  "ars_additions:recipes/decorations/crafting/stonecutter/sourcestone_1": {
    "criteria": {
      "has_journal": "2025-10-29 09:28:42 -0300"
    },
    "done": true
  },
  "ars_additions:recipes/decorations/crafting/stonecutter/sourcestone_0": {
    "criteria": {
      "has_journal": "2025-10-29 09:28:42 -0300"
    },
    "done": true
  },
  "silentgear:recipes/misc/stone_rod": {
    "criteria": {
      "has_item": "2025-10-29 09:32:12 -0300"
    },
    "done": true
  },
  "ars_nouveau:recipes/misc/manipulation_essence_to_moss_block": {
    "criteria": {
      "has_journal": "2025-10-29 09:28:42 -0300"
    },
    "done": true
  },
  "ars_nouveau:recipes/misc/smooth_sourcestone_alternating_stairs": {
    "criteria": {
      "has_journal": "2025-10-29 09:28:43 -0300"
    },
    "done": true
  },
  "ars_elemental:recipes/misc/ritual_detection": {
    "criteria": {
      "has_journal": "2025-10-29 09:28:43 -0300"
    },
    "done": true
  },
  "ars_additions:recipes/misc/crafting/lanterns/reversed_polished_sourcestone_magelight_lantern": {
    "criteria": {
      "has_journal": "2025-10-29 09:28:42 -0300"
    },
    "done": true
  },
  "powah:recipes/misc/crafting/photoelectric_pane": {
    "criteria": {
      "has_lapis_lazuli": "2025-10-29 09:44:48 -0300"
    },
    "done": true
  },
  "minecraft:recipes/building_blocks/raw_copper_block": {
    "criteria": {
      "has_raw_copper": "2025-10-29 09:36:15 -0300"
    },
    "done": true
  },
  "ars_nouveau:recipes/misc/sourcestone_alternating_stairs": {
    "criteria": {
      "has_journal": "2025-10-29 09:28:43 -0300"
    },
    "done": true
  },
  "minecraft:recipes/building_blocks/granite_stairs": {
    "criteria": {
      "has_granite": "2025-10-29 09:36:13 -0300"
    },
    "done": true
  },
  "ars_nouveau:recipes/misc/conjuration_essence_to_soul_sand": {
    "criteria": {
      "has_journal": "2025-10-29 09:28:43 -0300"
    },
    "done": true
  },
  "ars_nouveau:recipes/misc/manipulation_essence_to_deepslate": {
    "criteria": {
      "has_journal": "2025-10-29 09:28:43 -0300"
    },
    "done": true
  },
  "ars_additions:recipes/misc/handy_haversack": {
    "criteria": {
      "has_journal": "2025-10-29 09:28:42 -0300"
    },
    "done": true
  },
  "ars_additions:recipes/misc/crafting/lanterns/golden_lantern": {
    "criteria": {
      "has_journal": "2025-10-29 09:28:42 -0300"
    },
    "done": true
  },
  "forbidden_arcanus:recipes/misc/clibano_combustion/copper_ingot_from_clibano_combusting_raw_copper": {
    "criteria": {
      "has_item": "2025-10-29 09:36:15 -0300"
    },
    "done": true
  },
  "ars_additions:recipes/misc/crafting/walls/polished_sourcestone_wall": {
    "criteria": {
      "has_journal": "2025-10-29 09:28:42 -0300"
    },
    "done": true
  },
  "minecraft:recipes/building_blocks/granite_stairs_from_granite_stonecutting": {
    "criteria": {
      "has_granite": "2025-10-29 09:36:13 -0300"
    },
    "done": true
  },
  "ars_additions:recipes/misc/crafting/revert/cracked_sourcestone_to_sourcestone": {
    "criteria": {
      "has_journal": "2025-10-29 09:28:42 -0300"
    },
    "done": true
  },
  "minecraft:recipes/tools/stone_pickaxe": {
    "criteria": {
      "has_cobblestone": "2025-10-29 09:32:12 -0300"
    },
    "done": true
  },
  "dungeons_arise:wda_root": {
    "criteria": {
      "WDA": "2025-10-29 09:28:43 -0300"
    },
    "done": true
  },
  "ars_nouveau:recipes/building_blocks/gilded_sourcestone_large_bricks_stonecutter_stair": {
    "criteria": {
      "has_journal": "2025-10-29 09:28:43 -0300"
    },
    "done": true
  },
  "regions_unexplored:recipes/transportation/larch_boat": {
    "criteria": {
      "in_water": "2025-10-29 09:31:52 -0300"
    },
    "done": true
  },
  "minecraft:recipes/decorations/granite_wall": {
    "criteria": {
      "has_granite": "2025-10-29 09:36:13 -0300"
    },
    "done": true
  },
  "domum_ornamentum:recipes/tools/cobblestone_extra": {
    "criteria": {
      "has_material": "2025-10-29 09:32:12 -0300"
    },
    "done": true
  },
  "ars_nouveau:recipes/misc/magebloom_block": {
    "criteria": {
      "has_journal": "2025-10-29 09:28:42 -0300"
    },
    "done": true
  },
  "minecraft:recipes/building_blocks/polished_granite_slab_from_granite_stonecutting": {
    "criteria": {
      "has_granite": "2025-10-29 09:36:13 -0300"
    },
    "done": true
  },
  "minecraft:recipes/building_blocks/polished_andesite_from_andesite_stonecutting": {
    "criteria": {
      "has_andesite": "2025-10-29 09:36:46 -0300"
    },
    "done": true
  },
  "ars_nouveau:recipes/misc/smooth_sourcestone_mosaic_to_sourcestone": {
    "criteria": {
      "has_journal": "2025-10-29 09:28:43 -0300"
    },
    "done": true
  },
  "ars_additions:recipes/misc/crafting/lanterns/sourcestone_magelight_lantern": {
    "criteria": {
      "has_journal": "2025-10-29 09:28:42 -0300"
    },
    "done": true
  },
  "ars_additions:recipes/decorations/crafting/stonecutter/sourcestone_chain_1": {
    "criteria": {
      "has_journal": "2025-10-29 09:28:43 -0300"
    },
    "done": true
  },
  "ars_additions:recipes/decorations/crafting/stonecutter/sourcestone_chain_0": {
    "criteria": {
      "has_journal": "2025-10-29 09:28:43 -0300"
    },
    "done": true
  },
  "ars_nouveau:recipes/misc/red_archwood_wood": {
    "criteria": {
      "has_journal": "2025-10-29 09:28:42 -0300"
    },
    "done": true
  },
  "enderio:recipes/misc/erase_wired_charger": {
    "criteria": {
      "has_ingredient": "2025-10-29 10:08:43 -0300"
    },
    "done": true
  },
  "ars_nouveau:recipes/building_blocks/smooth_gilded_sourcestone_mosaic_slab": {
    "criteria": {
      "has_journal": "2025-10-29 09:28:42 -0300"
    },
    "done": true
  },
  "minecraft:recipes/building_blocks/andesite": {
    "criteria": {
      "has_stone": "2025-10-29 09:35:58 -0300"
    },
    "done": true
  },
  "ars_nouveau:recipes/misc/ritual_awakening": {
    "criteria": {
      "has_journal": "2025-10-29 09:28:43 -0300"
    },
    "done": true
  },
  "biomeswevegone:recipes/transportation/mahogany_boat": {
    "criteria": {
      "in_water": "2025-10-29 09:31:52 -0300"
    },
    "done": true
  },
  "ars_nouveau:recipes/misc/mimic_scroll": {
    "criteria": {
      "has_journal": "2025-10-29 09:28:42 -0300"
    },
    "done": true
  },
  "ars_nouveau:recipes/misc/red_sbed": {
    "criteria": {
      "has_journal": "2025-10-29 09:28:43 -0300"
    },
    "done": true
  },
  "ars_nouveau:recipes/misc/redstone_relay": {
    "criteria": {
      "has_journal": "2025-10-29 09:28:42 -0300"
    },
    "done": true
  },
  "biomeswevegone:recipes/transportation/baobab_boat": {
    "criteria": {
      "in_water": "2025-10-29 09:31:52 -0300"
    },
    "done": true
  },
  "ars_nouveau:recipes/misc/source_jar": {
    "criteria": {
      "has_journal": "2025-10-29 09:28:43 -0300"
    },
    "done": true
  },
  "ars_nouveau:recipes/misc/clear_wixie_charm": {
    "criteria": {
      "has_journal": "2025-10-29 09:28:42 -0300"
    },
    "done": true
  },
  "ars_nouveau:recipes/building_blocks/smooth_sourcestone_alternating_stonecutter_stair": {
    "criteria": {
      "has_journal": "2025-10-29 09:28:42 -0300"
    },
    "done": true
  },
  "ars_nouveau:recipes/misc/mundane_belt": {
    "criteria": {
      "has_journal": "2025-10-29 09:28:43 -0300"
    },
    "done": true
  },
  "ars_nouveau:recipes/building_blocks/smooth_gilded_sourcestone_small_bricks_stone_cutterslab": {
    "criteria": {
      "has_journal": "2025-10-29 09:28:43 -0300"
    },
    "done": true
  },
  "ars_nouveau:recipes/building_blocks/smooth_sourcestone_large_bricks_stone_cutterslab": {
    "criteria": {
      "has_journal": "2025-10-29 09:28:43 -0300"
    },
    "done": true
  },
  "biomeswevegone:recipes/transportation/skyris_boat": {
    "criteria": {
      "in_water": "2025-10-29 09:31:52 -0300"
    },
    "done": true
  },
  "minecraft:adventure/root": {
    "criteria": {
      "killed_by_something": "2025-10-29 09:36:52 -0300"
    },
    "done": true
  },
  "ars_nouveau:recipes/misc/challenge_2": {
    "criteria": {
      "has_journal": "2025-10-29 09:28:42 -0300"
    },
    "done": true
  },
  "ars_nouveau:recipes/building_blocks/gilded_sourcestone_basketweave_slab": {
    "criteria": {
      "has_journal": "2025-10-29 09:28:43 -0300"
    },
    "done": true
  },
  "biomeswevegone:biomeswevegone/adventure/root": {
    "criteria": {
      "biomeswevegone:allium_shrubland": "2025-10-29 09:28:44 -0300"
    },
    "done": true
  },
  "ars_nouveau:recipes/building_blocks/sourcestone_alternating_stone_cutterslab": {
    "criteria": {
      "has_journal": "2025-10-29 09:28:42 -0300"
    },
    "done": true
  },
  "biomeswevegone:recipes/transportation/white_mangrove_boat": {
    "criteria": {
      "in_water": "2025-10-29 09:31:52 -0300"
    },
    "done": true
  },
  "ars_nouveau:recipes/misc/item_detector": {
    "criteria": {
      "has_journal": "2025-10-29 09:28:43 -0300"
    },
    "done": true
  },
  "ars_nouveau:recipes/misc/gilded_sourcestone_small_bricks_to_sourcestone": {
    "criteria": {
      "has_journal": "2025-10-29 09:28:42 -0300"
    },
    "done": true
  },
  "ars_nouveau:recipes/misc/ghostweave": {
    "criteria": {
      "has_journal": "2025-10-29 09:28:42 -0300"
    },
    "done": true
  },
  "ars_nouveau:recipes/misc/manipulation_essence_to_vexing_sapling": {
    "criteria": {
      "has_journal": "2025-10-29 09:28:43 -0300"
    },
    "done": true
  },
  "ars_nouveau:recipes/building_blocks/gilded_sourcestone_mosaic_slab": {
    "criteria": {
      "has_journal": "2025-10-29 09:28:42 -0300"
    },
    "done": true
  },
  "ars_nouveau:recipes/misc/sourcestone_large_bricks_to_sourcestone": {
    "criteria": {
      "has_journal": "2025-10-29 09:28:43 -0300"
    },
    "done": true
  },
  "biomeswevegone:recipes/transportation/cika_boat": {
    "criteria": {
      "in_water": "2025-10-29 09:31:52 -0300"
    },
    "done": true
  },
  "minecraft:recipes/building_blocks/polished_diorite_slab_from_diorite_stonecutting": {
    "criteria": {
      "has_diorite": "2025-10-29 09:35:58 -0300"
    },
    "done": true
  },
  "ars_elemental:recipes/misc/caster_bag": {
    "criteria": {
      "has_journal": "2025-10-29 09:28:43 -0300"
    },
    "done": true
  },
  "ars_nouveau:recipes/building_blocks/sourcestone_slab": {
    "criteria": {
      "has_journal": "2025-10-29 09:28:42 -0300"
    },
    "done": true
  },
  "biomeswevegone:recipes/transportation/ebony_boat": {
    "criteria": {
      "in_water": "2025-10-29 09:31:52 -0300"
    },
    "done": true
  },
  "ars_nouveau:recipes/misc/purple_sbed": {
    "criteria": {
      "has_journal": "2025-10-29 09:28:42 -0300"
    },
    "done": true
  },
  "silentgems:recipes/misc/summon_kitty": {
    "criteria": {
      "has_item": "2025-10-29 09:36:52 -0300"
    },
    "done": true
  },
  "ars_nouveau:recipes/building_blocks/smooth_gilded_sourcestone_large_bricks_slab": {
    "criteria": {
      "has_journal": "2025-10-29 09:28:42 -0300"
    },
    "done": true
  },
  "minecraft:recipes/misc/coal_from_smelting_coal_ore": {
    "criteria": {
      "has_coal_ore": "2025-10-29 09:47:16 -0300"
    },
    "done": true
  },
  "ars_nouveau:recipes/misc/smooth_sourcestone_basketweave_stairs": {
    "criteria": {
      "has_journal": "2025-10-29 09:28:42 -0300"
    },
    "done": true
  },
  "ars_nouveau:recipes/misc/sourceberry_sack": {
    "criteria": {
      "has_journal": "2025-10-29 09:28:43 -0300"
    },
    "done": true
  },
  "minecraft:recipes/tools/stone_shovel": {
    "criteria": {
      "has_cobblestone": "2025-10-29 09:32:12 -0300"
    },
    "done": true
  },
  "ars_nouveau:recipes/misc/manipulation_essence_to_blazin_sapling": {
    "criteria": {
      "has_journal": "2025-10-29 09:28:43 -0300"
    },
    "done": true
  },
  "ars_nouveau:recipes/building_blocks/gilded_sourcestone_mosaic_stone_cutterslab": {
    "criteria": {
      "has_journal": "2025-10-29 09:28:42 -0300"
    },
    "done": true
  },
  "ars_nouveau:recipes/building_blocks/gilded_sourcestone_small_bricks_stone_cutterslab": {
    "criteria": {
      "has_journal": "2025-10-29 09:28:42 -0300"
    },
    "done": true
  },
  "regions_unexplored:parent": {
    "criteria": {
      "load_in_world": "2025-10-29 09:28:44 -0300"
    },
    "done": true
  },
  "ars_nouveau:recipes/building_blocks/sourcestone_small_bricks_stone_cutterslab": {
    "criteria": {
      "has_journal": "2025-10-29 09:28:43 -0300"
    },
    "done": true
  },
  "ars_nouveau:recipes/misc/gilded_sourcestone_mosaic_stairs": {
    "criteria": {
      "has_journal": "2025-10-29 09:28:43 -0300"
    },
    "done": true
  },
  "ars_elemental:recipes/building_blocks/stripped_yellow_archwood": {
    "criteria": {
      "has_journal": "2025-10-29 09:28:43 -0300"
    },
    "done": true
  },
  "regions_unexplored:recipes/transportation/blackwood_boat": {
    "criteria": {
      "in_water": "2025-10-29 09:31:52 -0300"
    },
    "done": true
  },
  "ars_nouveau:recipes/misc/gilded_sourcestone_small_bricks_stairs": {
    "criteria": {
      "has_journal": "2025-10-29 09:28:43 -0300"
    },
    "done": true
  },
  "ars_additions:recipes/misc/crafting/lanterns/golden_magelight_lantern": {
    "criteria": {
      "has_journal": "2025-10-29 09:28:43 -0300"
    },
    "done": true
  },
  "ars_nouveau:recipes/misc/clear_amethyst_golem_charm": {
    "criteria": {
      "has_journal": "2025-10-29 09:28:42 -0300"
    },
    "done": true
  },
  "ars_nouveau:recipes/misc/arcane_pedestal": {
    "criteria": {
      "has_journal": "2025-10-29 09:28:43 -0300"
    },
    "done": true
  },
  "domum_ornamentum:recipes/tools/blue_cobblestone_extra": {
    "criteria": {
      "has_material": "2025-10-29 09:32:12 -0300"
    },
    "done": true
  },
  "ars_nouveau:recipes/misc/clear_alakarkinos_charm": {
    "criteria": {
      "has_journal": "2025-10-29 09:28:42 -0300"
    },
    "done": true
  },
  "ars_nouveau:recipes/misc/fire_essence_to_charge": {
    "criteria": {
      "has_journal": "2025-10-29 09:28:42 -0300"
    },
    "done": true
  },
  "silentgems:recipes/building_blocks/polished_peridot": {
    "criteria": {
      "has_item": "2025-10-29 09:36:52 -0300"
    },
    "done": true
  },
  "ars_additions:recipes/misc/wayfinder": {
    "criteria": {
      "has_journal": "2025-10-29 09:28:43 -0300"
    },
    "done": true
  },
  "minecraft:recipes/misc/blue_dye": {
    "criteria": {
      "has_lapis_lazuli": "2025-10-29 09:44:48 -0300"
    },
    "done": true
  },
  "ars_additions:recipes/misc/clear_handy_haversack": {
    "criteria": {
      "has_journal": "2025-10-29 09:28:42 -0300"
    },
    "done": true
  },
  "ars_nouveau:recipes/building_blocks/gilded_sourcestone_mosaic_stonecutter_stair": {
    "criteria": {
      "has_journal": "2025-10-29 09:28:42 -0300"
    },
    "done": true
  },
  "ars_nouveau:recipes/misc/ritual_scrying": {
    "criteria": {
      "has_journal": "2025-10-29 09:28:43 -0300"
    },
    "done": true
  },
  "regions_unexplored:recipes/transportation/eucalyptus_boat": {
    "criteria": {
      "in_water": "2025-10-29 09:31:52 -0300"
    },
    "done": true
  },
  "forbidden_arcanus:recipes/decorations/deorum_lantern": {
    "criteria": {
      "has_torch": "2025-10-29 09:47:47 -0300"
    },
    "done": true
  },
  "ars_nouveau:recipes/misc/smooth_gilded_sourcestone_large_bricks_to_sourcestone": {
    "criteria": {
      "has_journal": "2025-10-29 09:28:43 -0300"
    },
    "done": true
  },
  "ars_additions:recipes/misc/crafting/chains/archwood_chain": {
    "criteria": {
      "has_journal": "2025-10-29 09:28:42 -0300"
    },
    "done": true
  },
  "ars_nouveau:recipes/misc/manipulation_essence_to_cascading_sapling": {
    "criteria": {
      "has_journal": "2025-10-29 09:28:43 -0300"
    },
    "done": true
  },
  "ars_additions:recipes/misc/crafting/walls/sourcestone_wall": {
    "criteria": {
      "has_journal": "2025-10-29 09:28:43 -0300"
    },
    "done": true
  },
  "ars_nouveau:recipes/building_blocks/sourcestone_mosaic_stonecutter_stair": {
    "criteria": {
      "has_journal": "2025-10-29 09:28:43 -0300"
    },
    "done": true
  },
  "biomeswevegone:recipes/transportation/maple_boat": {
    "criteria": {
      "in_water": "2025-10-29 09:31:52 -0300"
    },
    "done": true
  },
  "ars_nouveau:recipes/misc/clear_allow": {
    "criteria": {
      "has_journal": "2025-10-29 09:28:42 -0300"
    },
    "done": true
  },
  "biomeswevegone:recipes/transportation/sakura_boat": {
    "criteria": {
      "in_water": "2025-10-29 09:31:52 -0300"
    },
    "done": true
  },
  "ars_additions:recipes/decorations/crafting/stonecutter/polished_sourcestone_trapdoor_0": {
    "criteria": {
      "has_journal": "2025-10-29 09:28:42 -0300"
    },
    "done": true
  },
  "minecraft:recipes/decorations/andesite_wall_from_andesite_stonecutting": {
    "criteria": {
      "has_andesite": "2025-10-29 09:36:46 -0300"
    },
    "done": true
  },
  "ars_additions:recipes/misc/crafting/doors/polished_sourcestone_door": {
    "criteria": {
      "has_journal": "2025-10-29 09:28:42 -0300"
    },
    "done": true
  },
  "ars_nouveau:recipes/decorations/archwood_hanging_sign": {
    "criteria": {
      "has_journal": "2025-10-29 09:28:42 -0300"
    },
    "done": true
  },
  "ars_nouveau:recipes/building_blocks/smooth_gilded_sourcestone_small_bricks_slab": {
    "criteria": {
      "has_journal": "2025-10-29 09:28:42 -0300"
    },
    "done": true
  },
  "biomeswevegone:biomeswevegone/adventure/oh_the_biomes_weve_gone": {
    "criteria": {
      "biomeswevegone:amaranth_grassland": "2025-10-29 09:53:54 -0300",
      "biomeswevegone:allium_shrubland": "2025-10-29 09:28:44 -0300",
      "biomeswevegone:aspen_boreal": "2025-10-29 09:36:56 -0300"
    },
    "done": false
  },
  "regions_unexplored:recipes/transportation/palm_boat": {
    "criteria": {
      "in_water": "2025-10-29 09:31:52 -0300"
    },
    "done": true
  },
  "ars_nouveau:recipes/misc/smooth_sourcestone_large_bricks_to_sourcestone": {
    "criteria": {
      "has_journal": "2025-10-29 09:28:42 -0300"
    },
    "done": true
  },
  "minecraft:recipes/building_blocks/polished_andesite_slab_from_andesite_stonecutting": {
    "criteria": {
      "has_andesite": "2025-10-29 09:36:46 -0300"
    },
    "done": true
  },
  "ars_nouveau:recipes/misc/water_essence_to_obsidian": {
    "criteria": {
      "has_journal": "2025-10-29 09:28:43 -0300"
    },
    "done": true
  },
  "ars_nouveau:recipes/misc/smooth_sourcestone_mosaic_stairs": {
    "criteria": {
      "has_journal": "2025-10-29 09:28:43 -0300"
    },
    "done": true
  },
  "ars_nouveau:recipes/building_blocks/stripped_purple_archwood_wood": {
    "criteria": {
      "has_journal": "2025-10-29 09:28:42 -0300"
    },
    "done": true
  },
  "ars_additions:recipes/misc/crafting/walls/cracked_polished_sourcestone_wall": {
    "criteria": {
      "has_journal": "2025-10-29 09:28:42 -0300"
    },
    "done": true
  },
  "refurbished_furniture:recipes/misc/constructing/diorite_stepping_stones": {
    "criteria": {
      "has_minecraft:diorite": "2025-10-29 09:35:58 -0300"
    },
    "done": true
  },
  "biomeswevegone:recipes/transportation/florus_boat": {
    "criteria": {
      "in_water": "2025-10-29 09:31:52 -0300"
    },
    "done": true
  },
  "ars_nouveau:recipes/misc/repository": {
    "criteria": {
      "has_journal": "2025-10-29 09:28:43 -0300"
    },
    "done": true
  },
  "ars_nouveau:recipes/misc/deny_scroll": {
    "criteria": {
      "has_journal": "2025-10-29 09:28:43 -0300"
    },
    "done": true
  },
  "ars_nouveau:recipes/misc/sourcestone_mosaic_stairs": {
    "criteria": {
      "has_journal": "2025-10-29 09:28:43 -0300"
    },
    "done": true
  },
  "ars_nouveau:recipes/building_blocks/sourcestone_stone_cutterslab": {
    "criteria": {
      "has_journal": "2025-10-29 09:28:42 -0300"
    },
    "done": true
  },
  "forbidden_arcanus:recipes/misc/clibano_combustion/coal_from_clibano_combustion": {
    "criteria": {
      "has_item": "2025-10-29 09:47:16 -0300"
    },
    "done": true
  },
  "ars_nouveau:recipes/misc/blue_archwood_wood": {
    "criteria": {
      "has_journal": "2025-10-29 09:28:43 -0300"
    },
    "done": true
  },
  "ars_nouveau:recipes/building_blocks/sourcestone_large_bricks_stone_cutterslab": {
    "criteria": {
      "has_journal": "2025-10-29 09:28:43 -0300"
    },
    "done": true
  },
  "ars_nouveau:recipes/misc/frostaya_to_light_blue": {
    "criteria": {
      "has_journal": "2025-10-29 09:28:43 -0300"
    },
    "done": true
  },
  "regions_unexplored:recipes/transportation/oak_boat": {
    "criteria": {
      "in_water": "2025-10-29 09:31:52 -0300"
    },
    "done": true
  },
  "minecraft:recipes/transportation/birch_boat": {
    "criteria": {
      "in_water": "2025-10-29 09:31:52 -0300"
    },
    "done": true
  },
  "ars_additions:recipes/misc/crafting/revert/cracked_sourcestone_small_bricks_to_sourcestone": {
    "criteria": {
      "has_journal": "2025-10-29 09:28:42 -0300"
    },
    "done": true
  },
  "mahoutsukai:root": {
    "criteria": {
      "mahoutsukai:mahoutsukai": "2025-10-29 09:33:31 -0300"
    },
    "done": true
  },
  "ars_additions:recipes/misc/crafting/buttons/polished_sourcestone_button": {
    "criteria": {
      "has_journal": "2025-10-29 09:28:43 -0300"
    },
    "done": true
  },
  "minecraft:recipes/transportation/oak_boat": {
    "criteria": {
      "in_water": "2025-10-29 09:31:52 -0300"
    },
    "done": true
  },
  "ars_nouveau:recipes/misc/smooth_gilded_sourcestone_mosaic_stairs": {
    "criteria": {
      "has_journal": "2025-10-29 09:28:43 -0300"
    },
    "done": true
  },
  "ars_nouveau:recipes/misc/clear_starbuncle_shard": {
    "criteria": {
      "has_journal": "2025-10-29 09:28:43 -0300"
    },
    "done": true
  },
  "minecraft:recipes/building_blocks/coal_block": {
    "criteria": {
      "has_coal": "2025-10-29 09:42:23 -0300"
    },
    "done": true
  },
  "ars_nouveau:recipes/misc/basic_spell_turret": {
    "criteria": {
      "has_journal": "2025-10-29 09:28:43 -0300"
    },
    "done": true
  },
  "apotheosis:progression/root": {
    "criteria": {
      "tick": "2025-10-29 09:28:43 -0300"
    },
    "done": true
  },
  "ars_nouveau:recipes/misc/smooth_gilded_sourcestone_small_bricks_stairs": {
    "criteria": {
      "has_journal": "2025-10-29 09:28:42 -0300"
    },
    "done": true
  },
  "powah:recipes/misc/crafting/dielectric_paste_2": {
    "criteria": {
      "has_coals": "2025-10-29 09:42:23 -0300"
    },
    "done": true
  },
  "ars_nouveau:recipes/misc/ritual_harvest": {
    "criteria": {
      "has_journal": "2025-10-29 09:28:43 -0300"
    },
    "done": true
  },
  "ars_nouveau:recipes/building_blocks/smooth_sourcestone_small_bricks_slab": {
    "criteria": {
      "has_journal": "2025-10-29 09:28:42 -0300"
    },
    "done": true
  },
  "ars_nouveau:recipes/building_blocks/sourcestone_alternating_stonecutter_stair": {
    "criteria": {
      "has_journal": "2025-10-29 09:28:42 -0300"
    },
    "done": true
  },
  "biomeswevegone:recipes/transportation/witch_hazel_boat": {
    "criteria": {
      "in_water": "2025-10-29 09:31:52 -0300"
    },
    "done": true
  },
  "biomeswevegone:recipes/transportation/jacaranda_boat": {
    "criteria": {
      "in_water": "2025-10-29 09:31:52 -0300"
    },
    "done": true
  },
  "ars_nouveau:recipes/misc/scryers_crystal": {
    "criteria": {
      "has_journal": "2025-10-29 09:28:42 -0300"
    },
    "done": true
  },
  "minecraft:recipes/building_blocks/andesite_stairs_from_andesite_stonecutting": {
    "criteria": {
      "has_andesite": "2025-10-29 09:36:46 -0300"
    },
    "done": true
  },
  "silentgear:standard_tools": {
    "criteria": {
      "pickaxe": "2025-10-29 09:32:04 -0300"
    },
    "done": false
  },
  "ars_nouveau:recipes/building_blocks/stripped_red_archwood_wood": {
    "criteria": {
      "has_journal": "2025-10-29 09:28:43 -0300"
    },
    "done": true
  },
  "ars_additions:recipes/misc/crafting/revert/cracked_sourcestone_large_bricks_to_sourcestone": {
    "criteria": {
      "has_journal": "2025-10-29 09:28:42 -0300"
    },
    "done": true
  },
  "ars_nouveau:recipes/misc/sourcestone_basketweave_stairs": {
    "criteria": {
      "has_journal": "2025-10-29 09:28:42 -0300"
    },
    "done": true
  },
  "ars_nouveau:recipes/misc/dowsing_rod": {
    "criteria": {
      "has_journal": "2025-10-29 09:28:43 -0300"
    },
    "done": true
  },
  "ars_nouveau:recipes/misc/smooth_sourcestone_small_bricks_to_sourcestone": {
    "criteria": {
      "has_journal": "2025-10-29 09:28:42 -0300"
    },
    "done": true
  },
  "ars_nouveau:recipes/building_blocks/stripped_blue_archwood_wood": {
    "criteria": {
      "has_journal": "2025-10-29 09:28:42 -0300"
    },
    "done": true
  },
  "regions_unexplored:recipes/transportation/mauve_boat": {
    "criteria": {
      "in_water": "2025-10-29 09:31:52 -0300"
    },
    "done": true
  },
  "ars_nouveau:recipes/misc/sky_block": {
    "criteria": {
      "has_journal": "2025-10-29 09:28:42 -0300"
    },
    "done": true
  },
  "regions_unexplored:recipes/transportation/redwood_boat": {
    "criteria": {
      "in_water": "2025-10-29 09:31:52 -0300"
    },
    "done": true
  },
  "biomeswevegone:recipes/transportation/palm_boat": {
    "criteria": {
      "in_water": "2025-10-29 09:31:52 -0300"
    },
    "done": true
  },
  "ars_nouveau:recipes/misc/blank_thread": {
    "criteria": {
      "has_journal": "2025-10-29 09:28:42 -0300"
    },
    "done": true
  },
  "ars_nouveau:recipes/misc/archwood_sconce": {
    "criteria": {
      "has_journal": "2025-10-29 09:28:42 -0300"
    },
    "done": true
  },
  "domum_ornamentum:recipes/tools/green_cobblestone_extra": {
    "criteria": {
      "has_material": "2025-10-29 09:32:12 -0300"
    },
    "done": true
  },
  "ars_nouveau:recipes/building_blocks/smooth_sourcestone_small_bricks_stonecutter_stair": {
    "criteria": {
      "has_journal": "2025-10-29 09:28:42 -0300"
    },
    "done": true
  },
  "ars_nouveau:recipes/building_blocks/smooth_gilded_sourcestone_large_bricks_stone_cutterslab": {
    "criteria": {
      "has_journal": "2025-10-29 09:28:42 -0300"
    },
    "done": true
  },
  "biomeswevegone:recipes/transportation/zelkova_boat": {
    "criteria": {
      "in_water": "2025-10-29 09:31:52 -0300"
    },
    "done": true
  },
  "ars_nouveau:recipes/building_blocks/smooth_gilded_sourcestone_alternating_stonecutter_stair": {
    "criteria": {
      "has_journal": "2025-10-29 09:28:43 -0300"
    },
    "done": true
  },
  "ars_nouveau:recipes/building_blocks/smooth_sourcestone_mosaic_stone_cutterslab": {
    "criteria": {
      "has_journal": "2025-10-29 09:28:43 -0300"
    },
    "done": true
  },
  "farmersdelight:main/root": {
    "criteria": {
      "seeds": "2025-10-29 09:28:42 -0300"
    },
    "done": true
  },
  "ars_nouveau:recipes/misc/sourcestone_small_bricks_stairs": {
    "criteria": {
      "has_journal": "2025-10-29 09:28:43 -0300"
    },
    "done": true
  },
  "ars_nouveau:recipes/misc/sourcestone_small_bricks_to_sourcestone": {
    "criteria": {
      "has_journal": "2025-10-29 09:28:43 -0300"
    },
    "done": true
  },
  "ars_nouveau:recipes/misc/smooth_sourcestone_small_bricks_stairs": {
    "criteria": {
      "has_journal": "2025-10-29 09:28:43 -0300"
    },
    "done": true
  },
  "minecraft:recipes/building_blocks/polished_andesite": {
    "criteria": {
      "has_andesite": "2025-10-29 09:36:46 -0300"
    },
    "done": true
  },
  "ars_nouveau:recipes/misc/allow_scroll": {
    "criteria": {
      "has_journal": "2025-10-29 09:28:43 -0300"
    },
    "done": true
  },
  "enderio:recipes/misc/erase_stirling_generator": {
    "criteria": {
      "has_ingredient": "2025-10-29 10:08:48 -0300"
    },
    "done": true
  },
  "biomeswevegone:recipes/transportation/ironwood_boat": {
    "criteria": {
      "in_water": "2025-10-29 09:31:52 -0300"
    },
    "done": true
  },
  "irons_spellbooks:irons_spellbooks/spell_book_equip": {
    "criteria": {
      "requirement": "2025-10-29 11:21:19 -0300"
    },
    "done": true
  },
  "ars_nouveau:recipes/misc/wilden_summon_alt": {
    "criteria": {
      "has_journal": "2025-10-29 09:28:43 -0300"
    },
    "done": true
  },
  "ars_nouveau:recipes/misc/sourcestone_alternating_to_sourcestone": {
    "criteria": {
      "has_journal": "2025-10-29 09:28:42 -0300"
    },
    "done": true
  },
  "ars_elemental:recipes/misc/ritual_repulsion": {
    "criteria": {
      "has_journal": "2025-10-29 09:28:43 -0300"
    },
    "done": true
  },
  "ars_nouveau:recipes/building_blocks/sourcestone_alternating_slab": {
    "criteria": {
      "has_journal": "2025-10-29 09:28:43 -0300"
    },
    "done": true
  },
  "minecraft:adventure/adventuring_time": {
    "criteria": {
      "minecraft:river": "2025-10-29 09:53:55 -0300",
      "minecraft:dripstone_caves": "2025-10-29 09:31:52 -0300",
      "minecraft:plains": "2025-10-29 09:53:56 -0300"
    },
    "done": false
  },
  "ars_nouveau:recipes/misc/scry_to_blank_parchment": {
    "criteria": {
      "has_journal": "2025-10-29 09:28:43 -0300"
    },
    "done": true
  },
  "ars_additions:recipes/misc/crafting/walls/cracked_sourcestone_wall": {
    "criteria": {
      "has_journal": "2025-10-29 09:28:42 -0300"
    },
    "done": true
  },
  "minecraft:recipes/decorations/andesite_wall": {
    "criteria": {
      "has_andesite": "2025-10-29 09:36:46 -0300"
    },
    "done": true
  },
  "minecraft:recipes/building_blocks/andesite_slab": {
    "criteria": {
      "has_andesite": "2025-10-29 09:36:46 -0300"
    },
    "done": true
  },
  "minecraft:recipes/building_blocks/cobblestone_stairs_from_cobblestone_stonecutting": {
    "criteria": {
      "has_cobblestone": "2025-10-29 09:32:12 -0300"
    },
    "done": true
  },
  "minecraft:recipes/building_blocks/diorite_slab_from_diorite_stonecutting": {
    "criteria": {
      "has_diorite": "2025-10-29 09:35:58 -0300"
    },
    "done": true
  },
  "ars_nouveau:recipes/building_blocks/smooth_gilded_sourcestone_mosaic_stonecutter_stair": {
    "criteria": {
      "has_journal": "2025-10-29 09:28:42 -0300"
    },
    "done": true
  },
  "ars_nouveau:recipes/misc/clear_starbuncle_charm": {
    "criteria": {
      "has_journal": "2025-10-29 09:28:42 -0300"
    },
    "done": true
  },
  "ars_nouveau:recipes/misc/ritual_wilden_summon": {
    "criteria": {
      "has_journal": "2025-10-29 09:28:42 -0300"
    },
    "done": true
  },
  "ars_additions:recipes/misc/crafting/lanterns/reversed_sourcestone_magelight_lantern": {
    "criteria": {
      "has_journal": "2025-10-29 09:28:43 -0300"
    },
    "done": true
  },
  "minecraft:recipes/tools/stone_hoe": {
    "criteria": {
      "has_cobblestone": "2025-10-29 09:32:12 -0300"
    },
    "done": true
  },
  "regions_unexplored:recipes/transportation/willow_boat": {
    "criteria": {
      "in_water": "2025-10-29 09:31:52 -0300"
    },
    "done": true
  },
  "ars_nouveau:recipes/misc/mirrorweave": {
    "criteria": {
      "has_journal": "2025-10-29 09:28:42 -0300"
    },
    "done": true
  },
  "ars_nouveau:recipes/misc/magebloom_to_pink": {
    "criteria": {
      "has_journal": "2025-10-29 09:28:43 -0300"
    },
    "done": true
  },
  "ars_nouveau:recipes/misc/gold_grate": {
    "criteria": {
      "has_journal": "2025-10-29 09:28:42 -0300"
    },
    "done": true
  },
  "ars_nouveau:recipes/building_blocks/smooth_sourcestone_alternating_stone_cutterslab": {
    "criteria": {
      "has_journal": "2025-10-29 09:28:43 -0300"
    },
    "done": true
  },
  "ars_elemental:recipes/misc/ritual_tesla_coil": {
    "criteria": {
      "has_journal": "2025-10-29 09:28:43 -0300"
    },
    "done": true
  },
  "domum_ornamentum:recipes/tools/purple_cobblestone_extra": {
    "criteria": {
      "has_material": "2025-10-29 09:32:12 -0300"
    },
    "done": true
  },
  "ars_elemental:recipes/misc/flight_alt": {
    "criteria": {
      "has_journal": "2025-10-29 09:28:43 -0300"
    },
    "done": true
  },
  "minecraft:recipes/misc/copper_ingot_from_smelting_raw_copper": {
    "criteria": {
      "has_raw_copper": "2025-10-29 09:36:15 -0300"
    },
    "done": true
  },
  "ars_nouveau:recipes/misc/agronomic_sourcelink": {
    "criteria": {
      "has_journal": "2025-10-29 09:28:42 -0300"
    },
    "done": true
  },
  "ars_nouveau:recipes/building_blocks/sourcestone_mosaic_stone_cutterslab": {
    "criteria": {
      "has_journal": "2025-10-29 09:28:43 -0300"
    },
    "done": true
  },
  "ars_nouveau:recipes/misc/smooth_gilded_sourcestone_mosaic_to_sourcestone": {
    "criteria": {
      "has_journal": "2025-10-29 09:28:42 -0300"
    },
    "done": true
  },
  "DataVersion": 3955
}