{"stats":{"minecraft:killed":{"minecraft:skeleton":2,"minecraft:zombie":2,"minecraft:chicken":1},"minecraft:killed_by":{"minecraft:zombie":1},"minecraft:crafted":{"silentgear:pickaxe":1,"minecraft:crafting_table":1,"silentgear:rod":1,"regions_unexplored:maple_planks":112,"minecraft:wooden_pickaxe":1,"minecraft:bread":54,"minecraft:stick":8,"minecraft:stone_pickaxe":1,"minecraft:wooden_axe":1,"minecraft:chest":4,"minecraft:wheat":162},"minecraft:picked_up":{"minecraft:wooden_axe":1,"minecraft:crafting_table":4,"minecraft:leather_chestplate":1,"minecraft:chicken":1,"minecraft:chiseled_quartz_block":6,"minecraft:filled_map":2,"silentgear:blueprint_package":2,"regions_unexplored:maple_planks":4,"minecraft:tuff":1,"enderio:broken_spawner":4,"minecraft:dirt":1,"minecraft:bone":3,"minecraft:stone_bricks":2,"minecraft:cracked_stone_bricks":3,"biomeswevegone:green_apple":1,"minecraft:spruce_planks":1,"regions_unexplored:maple_leaf_pile":4,"minecraft:stone_pickaxe":2,"minecraft:mossy_stone_bricks":13,"minecraft:wooden_shovel":2,"minecraft:smooth_quartz":9,"minecraft:spruce_slab":3,"minecraft:chest":2,"ars_nouveau:purple_archwood_wood":1,"minecraft:stick":4,"apotheosis:gem":5,"ars_additions:nexus_warp_scroll":1,"silentgear:pickaxe":1,"ars_additions:cracked_sourcestone_large_bricks":2,"minecraft:leather_helmet":1,"minecraft:light_gray_concrete":12,"minecraft:arrow":6,"minecraft:rotten_flesh":2,"ars_nouveau:worn_notebook":2,"minecraft:hay_block":19,"regions_unexplored:maple_log":76,"minecraft:bread":52,"supplementaries:ash":2,"ars_nouveau:sourceberry_bush":2,"forbidden_arcanus:spawner_scrap":4,"minecraft:cobblestone":209},"minecraft:dropped":{"regions_unexplored:maple_leaf_pile":4},"minecraft:custom":{"minecraft:interact_with_smithing_table":1,"minecraft:mob_kills":5,"minecraft:interact_with_crafting_table":9,"apotheosis:world_tiers_activated":1,"minecraft:open_barrel":12,"minecraft:interact_with_stonecutter":1,"minecraft:leave_game":1,"minecraft:time_since_death":2069,"minecraft:climb_one_cm":12013,"minecraft:time_since_rest":2635,"minecraft:sprint_one_cm":70365,"minecraft:damage_taken":1185,"minecraft:walk_one_cm":96384,"minecraft:trigger_trapped_chest":3,"minecraft:drop":4,"minecraft:damage_dealt":800,"minecraft:swim_one_cm":21702,"minecraft:fly_one_cm":181046,"minecraft:open_chest":11,"minecraft:crouch_one_cm":2844,"minecraft:play_time":47678,"minecraft:deaths":3,"minecraft:sneak_time":1262,"minecraft:walk_under_water_one_cm":1900,"minecraft:interact_with_brewingstand":2,"minecraft:jump":814,"minecraft:interact_with_blast_furnace":1,"minecraft:walk_on_water_one_cm":8628,"minecraft:total_world_time":51879,"minecraft:fall_one_cm":18191},"minecraft:used":{"minecraft:mossy_stone_bricks":13,"minecraft:stone_pickaxe":57,"minecraft:wooden_pickaxe":1,"minecraft:chest":4,"minecraft:leather_chestplate":1,"minecraft:rotten_flesh":1,"minecraft:cracked_stone_bricks":3,"regions_unexplored:maple_planks":1,"minecraft:dirt":1,"minecraft:crafting_table":3,"minecraft:tuff":1,"minecraft:wooden_axe":22,"minecraft:light_gray_concrete":2,"minecraft:chicken":1,"minecraft:bread":2,"minecraft:map":1,"minecraft:leather_helmet":1,"biomeswevegone:green_apple":1,"minecraft:stone_bricks":2,"silentgear:pickaxe":22,"minecraft:cobblestone":31,"minecraft:hay_block":1,"ars_nouveau:sourceberry_bush":3,"ars_nouveau:purple_archwood_wood":1},"minecraft:broken":{"minecraft:wooden_axe":1,"minecraft:wooden_pickaxe":1},"minecraft:mined":{"minecraft:tuff":1,"minecraft:spruce_planks":1,"ars_nouveau:purple_archwood_wood":1,"regions_unexplored:maple_log":3,"minecraft:chiseled_quartz_block":2,"minecraft:crafting_table":2,"minecraft:short_grass":4,"minecraft:grass_block":1,"minecraft:chest":2,"minecraft:spawner":2,"minecraft:hay_block":19,"ars_additions:cracked_sourcestone_large_bricks":1,"minecraft:tnt":3,"minecraft:bookshelf":1,"regions_unexplored:maple_leaf_pile":1,"minecraft:light_gray_concrete":4,"minecraft:smooth_quartz":3,"minecraft:cracked_stone_bricks":3,"minecraft:stone":2,"minecraft:stone_bricks":2,"minecraft:mossy_stone_bricks":13,"minecraft:spruce_slab":1}},"DataVersion":3955}