{
  "ars_nouveau:recipes/misc/ritual_flight": {
    "criteria": {
      "has_journal": "2025-10-30 19:32:29 -0300"
    },
    "done": true
  },
  "ars_nouveau:recipes/building_blocks/smooth_gilded_sourcestone_basketweave_stonecutter_stair": {
    "criteria": {
      "has_journal": "2025-10-30 19:32:29 -0300"
    },
    "done": true
  },
  "ars_nouveau:recipes/building_blocks/smooth_gilded_sourcestone_large_bricks_stonecutter_stair": {
    "criteria": {
      "has_journal": "2025-10-30 19:32:29 -0300"
    },
    "done": true
  },
  "ars_additions:recipes/misc/crafting/lanterns/archwood_lantern": {
    "criteria": {
      "has_journal": "2025-10-30 19:32:29 -0300"
    },
    "done": true
  },
  "ars_nouveau:recipes/building_blocks/smooth_gilded_sourcestone_mosaic_stone_cutterslab": {
    "criteria": {
      "has_journal": "2025-10-30 19:32:29 -0300"
    },
    "done": true
  },
  "ars_nouveau:recipes/misc/ritual_fertility": {
    "criteria": {
      "has_journal": "2025-10-30 19:32:29 -0300"
    },
    "done": true
  },
  "ars_nouveau:recipes/misc/gilded_sourcestone_large_bricks_to_sourcestone": {
    "criteria": {
      "has_journal": "2025-10-30 19:32:29 -0300"
    },
    "done": true
  },
  "ars_nouveau:recipes/misc/ritual_animal_summon": {
    "criteria": {
      "has_journal": "2025-10-30 19:32:29 -0300"
    },
    "done": true
  },
  "ars_nouveau:recipes/building_blocks/smooth_sourcestone_slab": {
    "criteria": {
      "has_journal": "2025-10-30 19:32:29 -0300"
    },
    "done": true
  },
  "ars_nouveau:recipes/misc/reset_warp_scroll": {
    "criteria": {
      "has_journal": "2025-10-30 19:32:29 -0300"
    },
    "done": true
  },
  "ars_nouveau:recipes/building_blocks/sourcestone_large_bricks_stonecutter_stair": {
    "criteria": {
      "has_journal": "2025-10-30 19:32:29 -0300"
    },
    "done": true
  },
  "ars_elemental:recipes/misc/ritual_archwood_forest": {
    "criteria": {
      "has_journal": "2025-10-30 19:32:29 -0300"
    },
    "done": true
  },
  "ars_additions:recipes/decorations/crafting/stonecutter/cracked_sourcestone_wall_0": {
    "criteria": {
      "has_journal": "2025-10-30 19:32:29 -0300"
    },
    "done": true
  },
  "ars_nouveau:recipes/misc/manipulation_essence_to_andesite": {
    "criteria": {
      "has_journal": "2025-10-30 19:32:29 -0300"
    },
    "done": true
  },
  "ars_nouveau:recipes/misc/green_archwood_wood": {
    "criteria": {
      "has_journal": "2025-10-30 19:32:29 -0300"
    },
    "done": true
  },
  "ars_nouveau:recipes/misc/gilded_sourcestone_large_bricks_stairs": {
    "criteria": {
      "has_journal": "2025-10-30 19:32:29 -0300"
    },
    "done": true
  },
  "ars_additions:recipes/misc/crafting/trapdoors/magebloom_carpet": {
    "criteria": {
      "has_journal": "2025-10-30 19:32:29 -0300"
    },
    "done": true
  },
  "ars_nouveau:recipes/misc/smooth_sourcestone_stairs": {
    "criteria": {
      "has_journal": "2025-10-30 19:32:29 -0300"
    },
    "done": true
  },
  "ars_nouveau:recipes/misc/ritual_brazier": {
    "criteria": {
      "has_journal": "2025-10-30 19:32:29 -0300"
    },
    "done": true
  },
  "ars_nouveau:recipes/misc/manipulation_essence_to_mycelium": {
    "criteria": {
      "has_journal": "2025-10-30 19:32:29 -0300"
    },
    "done": true
  },
  "ars_nouveau:recipes/building_blocks/stripped_green_archwood_wood": {
    "criteria": {
      "has_journal": "2025-10-30 19:32:29 -0300"
    },
    "done": true
  },
  "ars_nouveau:recipes/building_blocks/smooth_gilded_sourcestone_basketweave_stone_cutterslab": {
    "criteria": {
      "has_journal": "2025-10-30 19:32:29 -0300"
    },
    "done": true
  },
  "ars_nouveau:recipes/misc/spike_to_arrow": {
    "criteria": {
      "has_journal": "2025-10-30 19:32:29 -0300"
    },
    "done": true
  },
  "ars_nouveau:recipes/misc/void_prism": {
    "criteria": {
      "has_journal": "2025-10-30 19:32:29 -0300"
    },
    "done": true
  },
  "ars_nouveau:recipes/misc/relay": {
    "criteria": {
      "has_journal": "2025-10-30 19:32:29 -0300"
    },
    "done": true
  },
  "ars_nouveau:recipes/misc/ritual_burrowing": {
    "criteria": {
      "has_journal": "2025-10-30 19:32:29 -0300"
    },
    "done": true
  },
  "ars_nouveau:recipes/misc/ritual_overgrowth": {
    "criteria": {
      "has_journal": "2025-10-30 19:32:29 -0300"
    },
    "done": true
  },
  "ars_elemental:recipes/misc/alt_blossom": {
    "criteria": {
      "has_journal": "2025-10-30 19:32:29 -0300"
    },
    "done": true
  },
  "ars_additions:recipes/decorations/crafting/stonecutter/sourcestone_trapdoor_0": {
    "criteria": {
      "has_journal": "2025-10-30 19:32:29 -0300"
    },
    "done": true
  },
  "ars_nouveau:recipes/misc/sunrise_2": {
    "criteria": {
      "has_journal": "2025-10-30 19:32:29 -0300"
    },
    "done": true
  },
  "ars_additions:recipes/misc/crafting/lanterns/reversed_polished_sourcestone_lantern": {
    "criteria": {
      "has_journal": "2025-10-30 19:32:29 -0300"
    },
    "done": true
  },
  "ars_nouveau:recipes/misc/clear_bookwyrm_charm": {
    "criteria": {
      "has_journal": "2025-10-30 19:32:29 -0300"
    },
    "done": true
  },
  "ars_nouveau:recipes/misc/manipulation_essence_to_diorite": {
    "criteria": {
      "has_journal": "2025-10-30 19:32:29 -0300"
    },
    "done": true
  },
  "ars_nouveau:recipes/building_blocks/gilded_sourcestone_alternating_stone_cutterslab": {
    "criteria": {
      "has_journal": "2025-10-30 19:32:29 -0300"
    },
    "done": true
  },
  "ars_elemental:recipes/misc/sparkflower_to_glowstone": {
    "criteria": {
      "has_journal": "2025-10-30 19:32:29 -0300"
    },
    "done": true
  },
  "ars_nouveau:recipes/misc/ars_stencil": {
    "criteria": {
      "has_journal": "2025-10-30 19:32:29 -0300"
    },
    "done": true
  },
  "ars_nouveau:recipes/misc/clear_deny": {
    "criteria": {
      "has_journal": "2025-10-30 19:32:29 -0300"
    },
    "done": true
  },
  "ars_nouveau:recipes/misc/moonfall_2": {
    "criteria": {
      "has_journal": "2025-10-30 19:32:29 -0300"
    },
    "done": true
  },
  "ars_nouveau:recipes/misc/spell_prism": {
    "criteria": {
      "has_journal": "2025-10-30 19:32:29 -0300"
    },
    "done": true
  },
  "ars_nouveau:recipes/building_blocks/sourcestone_stonecutter_stair": {
    "criteria": {
      "has_journal": "2025-10-30 19:32:29 -0300"
    },
    "done": true
  },
  "ars_nouveau:recipes/misc/polished_source_sconce": {
    "criteria": {
      "has_journal": "2025-10-30 19:32:29 -0300"
    },
    "done": true
  },
  "ars_nouveau:recipes/misc/gilded_sourcestone_alternating_stairs": {
    "criteria": {
      "has_journal": "2025-10-30 19:32:29 -0300"
    },
    "done": true
  },
  "ars_elemental:recipes/misc/ritual_squirrels": {
    "criteria": {
      "has_journal": "2025-10-30 19:32:29 -0300"
    },
    "done": true
  },
  "ars_nouveau:recipes/misc/ritual_sunrise": {
    "criteria": {
      "has_journal": "2025-10-30 19:32:29 -0300"
    },
    "done": true
  },
  "ars_nouveau:recipes/misc/wipe_spell_parchment": {
    "criteria": {
      "has_journal": "2025-10-30 19:32:29 -0300"
    },
    "done": true
  },
  "ars_nouveau:recipes/misc/wixie_hat": {
    "criteria": {
      "has_journal": "2025-10-30 19:32:29 -0300"
    },
    "done": true
  },
  "ars_nouveau:recipes/building_blocks/sourcestone_basketweave_stone_cutterslab": {
    "criteria": {
      "has_journal": "2025-10-30 19:32:29 -0300"
    },
    "done": true
  },
  "ars_nouveau:recipes/misc/clear_drygmy_charm": {
    "criteria": {
      "has_journal": "2025-10-30 19:32:29 -0300"
    },
    "done": true
  },
  "ars_nouveau:recipes/building_blocks/gilded_sourcestone_small_bricks_stonecutter_stair": {
    "criteria": {
      "has_journal": "2025-10-30 19:32:29 -0300"
    },
    "done": true
  },
  "ars_nouveau:recipes/misc/source_berry_pie": {
    "criteria": {
      "has_journal": "2025-10-30 19:32:29 -0300"
    },
    "done": true
  },
  "ars_nouveau:recipes/building_blocks/archwood_fence_gate": {
    "criteria": {
      "has_journal": "2025-10-30 19:32:29 -0300"
    },
    "done": true
  },
  "ars_elemental:recipes/misc/flashing_sapling": {
    "criteria": {
      "has_journal": "2025-10-30 19:32:29 -0300"
    },
    "done": true
  },
  "ars_nouveau:recipes/misc/source_lamp": {
    "criteria": {
      "has_journal": "2025-10-30 19:32:29 -0300"
    },
    "done": true
  },
  "ars_additions:recipes/misc/crafting/lanterns/reversed_sourcestone_lantern": {
    "criteria": {
      "has_journal": "2025-10-30 19:32:29 -0300"
    },
    "done": true
  },
  "ars_nouveau:recipes/misc/gilded_sourcestone_basketweave_to_sourcestone": {
    "criteria": {
      "has_journal": "2025-10-30 19:32:29 -0300"
    },
    "done": true
  },
  "ars_nouveau:recipes/misc/ritual_forestation": {
    "criteria": {
      "has_journal": "2025-10-30 19:32:29 -0300"
    },
    "done": true
  },
  "ars_nouveau:recipes/misc/ritual_cloudshaping": {
    "criteria": {
      "has_journal": "2025-10-30 19:32:29 -0300"
    },
    "done": true
  },
  "ars_additions:recipes/misc/crafting/lanterns/soul_magelight_lantern": {
    "criteria": {
      "has_journal": "2025-10-30 19:32:29 -0300"
    },
    "done": true
  },
  "ars_nouveau:recipes/misc/blank_parchment": {
    "criteria": {
      "has_journal": "2025-10-30 19:32:29 -0300"
    },
    "done": true
  },
  "ars_nouveau:recipes/building_blocks/archwood_fence": {
    "criteria": {
      "has_journal": "2025-10-30 19:32:29 -0300"
    },
    "done": true
  },
  "ars_nouveau:recipes/misc/archwood_planks": {
    "criteria": {
      "has_journal": "2025-10-30 19:32:29 -0300"
    },
    "done": true
  },
  "ars_nouveau:recipes/misc/potion_jar": {
    "criteria": {
      "has_journal": "2025-10-30 19:32:29 -0300"
    },
    "done": true
  },
  "ars_nouveau:recipes/misc/air_essence_to_snow_bucket": {
    "criteria": {
      "has_journal": "2025-10-30 19:32:29 -0300"
    },
    "done": true
  },
  "ars_nouveau:recipes/misc/ritual_disintegration": {
    "criteria": {
      "has_journal": "2025-10-30 19:32:29 -0300"
    },
    "done": true
  },
  "ars_additions:recipes/misc/crafting/lanterns/sourcestone_lantern": {
    "criteria": {
      "has_journal": "2025-10-30 19:32:29 -0300"
    },
    "done": true
  },
  "ars_nouveau:recipes/misc/warp_scroll": {
    "criteria": {
      "has_journal": "2025-10-30 19:32:29 -0300"
    },
    "done": true
  },
  "ars_nouveau:recipes/misc/starbuncle_shades": {
    "criteria": {
      "has_journal": "2025-10-30 19:32:29 -0300"
    },
    "done": true
  },
  "ars_nouveau:recipes/misc/archwood_grate": {
    "criteria": {
      "has_journal": "2025-10-30 19:32:29 -0300"
    },
    "done": true
  },
  "ars_nouveau:recipes/building_blocks/gilded_sourcestone_basketweave_stonecutter_stair": {
    "criteria": {
      "has_journal": "2025-10-30 19:32:29 -0300"
    },
    "done": true
  },
  "ars_nouveau:recipes/building_blocks/sourcestone_basketweave_stonecutter_stair": {
    "criteria": {
      "has_journal": "2025-10-30 19:32:29 -0300"
    },
    "done": true
  },
  "ars_additions:recipes/misc/crafting/lanterns/archwood_magelight_lantern": {
    "criteria": {
      "has_journal": "2025-10-30 19:32:29 -0300"
    },
    "done": true
  },
  "ars_nouveau:recipes/building_blocks/smooth_gilded_sourcestone_basketweave_slab": {
    "criteria": {
      "has_journal": "2025-10-30 19:32:29 -0300"
    },
    "done": true
  },
  "ars_nouveau:recipes/misc/mob_jar": {
    "criteria": {
      "has_journal": "2025-10-30 19:32:29 -0300"
    },
    "done": true
  },
  "ars_nouveau:recipes/building_blocks/sourcestone_basketweave_slab": {
    "criteria": {
      "has_journal": "2025-10-30 19:32:29 -0300"
    },
    "done": true
  },
  "ars_nouveau:recipes/misc/manipulation_essence_to_flourishing_sapling": {
    "criteria": {
      "has_journal": "2025-10-30 19:32:29 -0300"
    },
    "done": true
  },
  "ars_additions:recipes/misc/crafting/trapdoors/polished_sourcestone_trapdoor": {
    "criteria": {
      "has_journal": "2025-10-30 19:32:29 -0300"
    },
    "done": true
  },
  "ars_nouveau:recipes/misc/smooth_sourcestone_basketweave_to_sourcestone": {
    "criteria": {
      "has_journal": "2025-10-30 19:32:29 -0300"
    },
    "done": true
  },
  "ars_nouveau:recipes/misc/ritual_warping": {
    "criteria": {
      "has_journal": "2025-10-30 19:32:29 -0300"
    },
    "done": true
  },
  "ars_additions:recipes/misc/crafting/chains/sourcestone_chain": {
    "criteria": {
      "has_journal": "2025-10-30 19:32:29 -0300"
    },
    "done": true
  },
  "ars_nouveau:recipes/misc/reset_stable_warp_scroll": {
    "criteria": {
      "has_journal": "2025-10-30 19:32:29 -0300"
    },
    "done": true
  },
  "ars_nouveau:recipes/building_blocks/smooth_sourcestone_large_bricks_slab": {
    "criteria": {
      "has_journal": "2025-10-30 19:32:29 -0300"
    },
    "done": true
  },
  "ars_nouveau:recipes/misc/arcane_core": {
    "criteria": {
      "has_journal": "2025-10-30 19:32:29 -0300"
    },
    "done": true
  },
  "ars_nouveau:recipes/building_blocks/smooth_sourcestone_mosaic_slab": {
    "criteria": {
      "has_journal": "2025-10-30 19:32:29 -0300"
    },
    "done": true
  },
  "ars_nouveau:recipes/misc/ritual_containment": {
    "criteria": {
      "has_journal": "2025-10-30 19:32:29 -0300"
    },
    "done": true
  },
  "ars_nouveau:recipes/misc/ritual_flowering": {
    "criteria": {
      "has_journal": "2025-10-30 19:32:29 -0300"
    },
    "done": true
  },
  "ars_nouveau:recipes/misc/manipulation_essence_to_tuff": {
    "criteria": {
      "has_journal": "2025-10-30 19:32:29 -0300"
    },
    "done": true
  },
  "ars_nouveau:recipes/misc/purple_archwood_wood": {
    "criteria": {
      "has_journal": "2025-10-30 19:32:29 -0300"
    },
    "done": true
  },
  "ars_nouveau:recipes/misc/sconce": {
    "criteria": {
      "has_journal": "2025-10-30 19:32:29 -0300"
    },
    "done": true
  },
  "ars_nouveau:recipes/misc/smooth_gilded_sourcestone_small_bricks_to_sourcestone": {
    "criteria": {
      "has_journal": "2025-10-30 19:32:29 -0300"
    },
    "done": true
  },
  "ars_additions:recipes/misc/clear_xp_jar": {
    "criteria": {
      "has_journal": "2025-10-30 19:32:29 -0300"
    },
    "done": true
  },
  "ars_nouveau:recipes/misc/repository_controller": {
    "criteria": {
      "has_journal": "2025-10-30 19:32:29 -0300"
    },
    "done": true
  },
  "ars_nouveau:recipes/misc/ritual_gravity": {
    "criteria": {
      "has_journal": "2025-10-30 19:32:29 -0300"
    },
    "done": true
  },
  "ars_nouveau:recipes/building_blocks/smooth_sourcestone_basketweave_slab": {
    "criteria": {
      "has_journal": "2025-10-30 19:32:29 -0300"
    },
    "done": true
  },
  "ars_nouveau:recipes/building_blocks/smooth_sourcestone_mosaic_stonecutter_stair": {
    "criteria": {
      "has_journal": "2025-10-30 19:32:29 -0300"
    },
    "done": true
  },
  "ars_nouveau:recipes/building_blocks/smooth_sourcestone_small_bricks_stone_cutterslab": {
    "criteria": {
      "has_journal": "2025-10-30 19:32:29 -0300"
    },
    "done": true
  },
  "ars_nouveau:recipes/misc/novice_spell_book": {
    "criteria": {
      "has_journal": "2025-10-30 19:32:29 -0300"
    },
    "done": true
  },
  "ars_nouveau:recipes/misc/sourcestone_basketweave_to_sourcestone": {
    "criteria": {
      "has_journal": "2025-10-30 19:32:29 -0300"
    },
    "done": true
  },
  "ars_nouveau:recipes/building_blocks/smooth_sourcestone_basketweave_stonecutter_stair": {
    "criteria": {
      "has_journal": "2025-10-30 19:32:29 -0300"
    },
    "done": true
  },
  "ars_nouveau:recipes/misc/bastion_to_purple": {
    "criteria": {
      "has_journal": "2025-10-30 19:32:29 -0300"
    },
    "done": true
  },
  "ars_additions:recipes/misc/crafting/chains/reversed_sourcestone_chain": {
    "criteria": {
      "has_journal": "2025-10-30 19:32:29 -0300"
    },
    "done": true
  },
  "ars_nouveau:recipes/misc/alchemical_sourcelink": {
    "criteria": {
      "has_journal": "2025-10-30 19:32:29 -0300"
    },
    "done": true
  },
  "ars_nouveau:recipes/misc/source_berry_roll": {
    "criteria": {
      "has_journal": "2025-10-30 19:32:29 -0300"
    },
    "done": true
  },
  "ars_nouveau:recipes/misc/smooth_sourcestone_alternating_to_sourcestone": {
    "criteria": {
      "has_journal": "2025-10-30 19:32:29 -0300"
    },
    "done": true
  },
  "ars_nouveau:recipes/misc/falseweave": {
    "criteria": {
      "has_journal": "2025-10-30 19:32:29 -0300"
    },
    "done": true
  },
  "ars_nouveau:recipes/misc/scribes_table": {
    "criteria": {
      "has_journal": "2025-10-30 19:32:29 -0300"
    },
    "done": true
  },
  "ars_nouveau:recipes/misc/manipulation_essence_to_calcite": {
    "criteria": {
      "has_journal": "2025-10-30 19:32:29 -0300"
    },
    "done": true
  },
  "ars_nouveau:recipes/building_blocks/sourcestone_large_bricks_slab": {
    "criteria": {
      "has_journal": "2025-10-30 19:32:29 -0300"
    },
    "done": true
  },
  "ars_nouveau:recipes/misc/archwood_trapdoor": {
    "criteria": {
      "has_journal": "2025-10-30 19:32:29 -0300"
    },
    "done": true
  },
  "ars_nouveau:recipes/misc/green_sbed": {
    "criteria": {
      "has_journal": "2025-10-30 19:32:29 -0300"
    },
    "done": true
  },
  "ars_nouveau:recipes/building_blocks/gilded_sourcestone_alternating_slab": {
    "criteria": {
      "has_journal": "2025-10-30 19:32:29 -0300"
    },
    "done": true
  },
  "ars_nouveau:recipes/misc/smooth_gilded_sourcestone_basketweave_to_sourcestone": {
    "criteria": {
      "has_journal": "2025-10-30 19:32:29 -0300"
    },
    "done": true
  },
  "ars_nouveau:recipes/misc/horn_to_bonemeal": {
    "criteria": {
      "has_journal": "2025-10-30 19:32:29 -0300"
    },
    "done": true
  },
  "ars_additions:recipes/misc/crafting/revert/cracked_polished_sourcestone_large_bricks_to_sourcestone": {
    "criteria": {
      "has_journal": "2025-10-30 19:32:29 -0300"
    },
    "done": true
  },
  "ars_nouveau:recipes/building_blocks/smooth_sourcestone_large_bricks_stonecutter_stair": {
    "criteria": {
      "has_journal": "2025-10-30 19:32:29 -0300"
    },
    "done": true
  },
  "ars_nouveau:recipes/building_blocks/smooth_gilded_sourcestone_alternating_slab": {
    "criteria": {
      "has_journal": "2025-10-30 19:32:29 -0300"
    },
    "done": true
  },
  "ars_nouveau:recipes/misc/worn_notebook": {
    "criteria": {
      "has_journal": "2025-10-30 19:32:29 -0300"
    },
    "done": true
  },
  "ars_nouveau:recipes/misc/potion_jar_empty": {
    "criteria": {
      "has_journal": "2025-10-30 19:32:29 -0300"
    },
    "done": true
  },
  "ars_nouveau:recipes/misc/fire_essence_to_magma_block": {
    "criteria": {
      "has_journal": "2025-10-30 19:32:29 -0300"
    },
    "done": true
  },
  "ars_nouveau:recipes/misc/source_gem_block": {
    "criteria": {
      "has_journal": "2025-10-30 19:32:29 -0300"
    },
    "done": true
  },
  "ars_additions:recipes/decorations/crafting/stonecutter/sourcestone_wall_0": {
    "criteria": {
      "has_journal": "2025-10-30 19:32:29 -0300"
    },
    "done": true
  },
  "ars_nouveau:recipes/building_blocks/archwood_pressure_plate": {
    "criteria": {
      "has_journal": "2025-10-30 19:32:29 -0300"
    },
    "done": true
  },
  "ars_nouveau:recipes/misc/archwood_to_chest": {
    "criteria": {
      "has_journal": "2025-10-30 19:32:29 -0300"
    },
    "done": true
  },
  "ars_nouveau:recipes/misc/clear_whirlisprig_charm": {
    "criteria": {
      "has_journal": "2025-10-30 19:32:29 -0300"
    },
    "done": true
  },
  "ars_nouveau:recipes/misc/rotating_spell_turret": {
    "criteria": {
      "has_journal": "2025-10-30 19:32:29 -0300"
    },
    "done": true
  },
  "ars_nouveau:recipes/misc/manipulation_essence_to_granite": {
    "criteria": {
      "has_journal": "2025-10-30 19:32:29 -0300"
    },
    "done": true
  },
  "ars_nouveau:recipes/misc/smooth_gilded_sourcestone_alternating_to_sourcestone": {
    "criteria": {
      "has_journal": "2025-10-30 19:32:29 -0300"
    },
    "done": true
  },
  "ars_nouveau:recipes/misc/manipulation_essence_to_grass_block": {
    "criteria": {
      "has_journal": "2025-10-30 19:32:29 -0300"
    },
    "done": true
  },
  "ars_nouveau:recipes/misc/greater_experience_gem": {
    "criteria": {
      "has_journal": "2025-10-30 19:32:29 -0300"
    },
    "done": true
  },
  "ars_nouveau:recipes/misc/sourceberry_sack_to_bush": {
    "criteria": {
      "has_journal": "2025-10-30 19:32:29 -0300"
    },
    "done": true
  },
  "ars_nouveau:recipes/misc/mendosteen_to_lime": {
    "criteria": {
      "has_journal": "2025-10-30 19:32:29 -0300"
    },
    "done": true
  },
  "ars_elemental:recipes/misc/ritual_attraction": {
    "criteria": {
      "has_journal": "2025-10-30 19:32:29 -0300"
    },
    "done": true
  },
  "ars_nouveau:recipes/building_blocks/smooth_sourcestone_stone_cutterslab": {
    "criteria": {
      "has_journal": "2025-10-30 19:32:29 -0300"
    },
    "done": true
  },
  "ars_additions:recipes/misc/crafting/chains/reversed_polished_sourcestone_chain": {
    "criteria": {
      "has_journal": "2025-10-30 19:32:29 -0300"
    },
    "done": true
  },
  "ars_nouveau:recipes/building_blocks/gilded_sourcestone_small_bricks_slab": {
    "criteria": {
      "has_journal": "2025-10-30 19:32:29 -0300"
    },
    "done": true
  },
  "ars_nouveau:recipes/misc/archwood_stairs": {
    "criteria": {
      "has_journal": "2025-10-30 19:32:29 -0300"
    },
    "done": true
  },
  "ars_nouveau:recipes/misc/smooth_sourcestone_large_bricks_stairs": {
    "criteria": {
      "has_journal": "2025-10-30 19:32:29 -0300"
    },
    "done": true
  },
  "ars_nouveau:recipes/misc/smooth_gilded_sourcestone_basketweave_stairs": {
    "criteria": {
      "has_journal": "2025-10-30 19:32:29 -0300"
    },
    "done": true
  },
  "ars_nouveau:recipes/misc/enchanting_apparatus": {
    "criteria": {
      "has_journal": "2025-10-30 19:32:29 -0300"
    },
    "done": true
  },
  "ars_nouveau:recipes/building_blocks/smooth_sourcestone_alternating_slab": {
    "criteria": {
      "has_journal": "2025-10-30 19:32:29 -0300"
    },
    "done": true
  },
  "ars_nouveau:recipes/misc/orange_sbed": {
    "criteria": {
      "has_journal": "2025-10-30 19:32:29 -0300"
    },
    "done": true
  },
  "ars_nouveau:recipes/building_blocks/sourcestone_small_bricks_slab": {
    "criteria": {
      "has_journal": "2025-10-30 19:32:29 -0300"
    },
    "done": true
  },
  "ars_nouveau:recipes/misc/mycelial_sourcelink": {
    "criteria": {
      "has_journal": "2025-10-30 19:32:29 -0300"
    },
    "done": true
  },
  "ars_additions:recipes/decorations/crafting/stonecutter/polished_sourcestone_button_0": {
    "criteria": {
      "has_journal": "2025-10-30 19:32:29 -0300"
    },
    "done": true
  },
  "ars_nouveau:recipes/misc/water_essence_to_bucket": {
    "criteria": {
      "has_journal": "2025-10-30 19:32:29 -0300"
    },
    "done": true
  },
  "ars_nouveau:recipes/decorations/sourcestone_6": {
    "criteria": {
      "has_journal": "2025-10-30 19:32:29 -0300"
    },
    "done": true
  },
  "ars_nouveau:recipes/decorations/sourcestone_5": {
    "criteria": {
      "has_journal": "2025-10-30 19:32:29 -0300"
    },
    "done": true
  },
  "ars_nouveau:recipes/decorations/sourcestone_8": {
    "criteria": {
      "has_journal": "2025-10-30 19:32:29 -0300"
    },
    "done": true
  },
  "ars_nouveau:recipes/decorations/sourcestone_7": {
    "criteria": {
      "has_journal": "2025-10-30 19:32:29 -0300"
    },
    "done": true
  },
  "ars_nouveau:recipes/decorations/sourcestone_9": {
    "criteria": {
      "has_journal": "2025-10-30 19:32:29 -0300"
    },
    "done": true
  },
  "ars_nouveau:recipes/decorations/sourcestone_2": {
    "criteria": {
      "has_journal": "2025-10-30 19:32:29 -0300"
    },
    "done": true
  },
  "ars_nouveau:recipes/decorations/sourcestone_1": {
    "criteria": {
      "has_journal": "2025-10-30 19:32:29 -0300"
    },
    "done": true
  },
  "ars_nouveau:recipes/decorations/sourcestone_4": {
    "criteria": {
      "has_journal": "2025-10-30 19:32:29 -0300"
    },
    "done": true
  },
  "ars_nouveau:recipes/decorations/sourcestone_3": {
    "criteria": {
      "has_journal": "2025-10-30 19:32:29 -0300"
    },
    "done": true
  },
  "ars_additions:recipes/misc/crafting/revert/cracked_polished_sourcestone_small_bricks_to_sourcestone": {
    "criteria": {
      "has_journal": "2025-10-30 19:32:29 -0300"
    },
    "done": true
  },
  "ars_additions:recipes/decorations/crafting/stonecutter/sourcestone_button_0": {
    "criteria": {
      "has_journal": "2025-10-30 19:32:29 -0300"
    },
    "done": true
  },
  "ars_nouveau:recipes/misc/sourcestone_sconce": {
    "criteria": {
      "has_journal": "2025-10-30 19:32:29 -0300"
    },
    "done": true
  },
  "ars_additions:recipes/decorations/crafting/stonecutter/cracked_polished_sourcestone_wall_0": {
    "criteria": {
      "has_journal": "2025-10-30 19:32:29 -0300"
    },
    "done": true
  },
  "ars_additions:recipes/misc/crafting/lanterns/magelight_lantern": {
    "criteria": {
      "has_journal": "2025-10-30 19:32:29 -0300"
    },
    "done": true
  },
  "ars_nouveau:recipes/misc/ring_of_potential": {
    "criteria": {
      "has_journal": "2025-10-30 19:32:29 -0300"
    },
    "done": true
  },
  "ars_nouveau:recipes/misc/magebloom_fiber": {
    "criteria": {
      "has_journal": "2025-10-30 19:32:29 -0300"
    },
    "done": true
  },
  "ars_nouveau:recipes/misc/smooth_gilded_sourcestone_alternating_stairs": {
    "criteria": {
      "has_journal": "2025-10-30 19:32:29 -0300"
    },
    "done": true
  },
  "ars_additions:recipes/decorations/crafting/stonecutter/sourcestone_door_0": {
    "criteria": {
      "has_journal": "2025-10-30 19:32:29 -0300"
    },
    "done": true
  },
  "ars_nouveau:recipes/misc/ritual_conjure_island_plains": {
    "criteria": {
      "has_journal": "2025-10-30 19:32:29 -0300"
    },
    "done": true
  },
  "ars_nouveau:recipes/misc/sourcestone_mosaic_to_sourcestone": {
    "criteria": {
      "has_journal": "2025-10-30 19:32:29 -0300"
    },
    "done": true
  },
  "ars_nouveau:recipes/misc/gilded_sourcestone_basketweave_stairs": {
    "criteria": {
      "has_journal": "2025-10-30 19:32:29 -0300"
    },
    "done": true
  },
  "ars_nouveau:recipes/misc/ritual_challenge": {
    "criteria": {
      "has_journal": "2025-10-30 19:32:29 -0300"
    },
    "done": true
  },
  "ars_nouveau:recipes/misc/gilded_sourcestone_alternating_to_sourcestone": {
    "criteria": {
      "has_journal": "2025-10-30 19:32:29 -0300"
    },
    "done": true
  },
  "ars_nouveau:recipes/misc/alteration_table": {
    "criteria": {
      "has_journal": "2025-10-30 19:32:29 -0300"
    },
    "done": true
  },
  "ars_nouveau:recipes/misc/experience_gem": {
    "criteria": {
      "has_journal": "2025-10-30 19:32:29 -0300"
    },
    "done": true
  },
  "ars_nouveau:recipes/misc/conjuration_essence_to_end_stone": {
    "criteria": {
      "has_journal": "2025-10-30 19:32:29 -0300"
    },
    "done": true
  },
  "ars_nouveau:recipes/misc/yellow_sbed": {
    "criteria": {
      "has_journal": "2025-10-30 19:32:29 -0300"
    },
    "done": true
  },
  "ars_elemental:recipes/misc/ritual_archwood_forestation": {
    "criteria": {
      "has_journal": "2025-10-30 19:32:29 -0300"
    },
    "done": true
  },
  "ars_nouveau:recipes/misc/sourcestone_grate": {
    "criteria": {
      "has_journal": "2025-10-30 19:32:29 -0300"
    },
    "done": true
  },
  "ars_elemental:recipes/misc/spore_blossom_up": {
    "criteria": {
      "has_journal": "2025-10-30 19:32:29 -0300"
    },
    "done": true
  },
  "ars_nouveau:recipes/misc/ritual_conjure_island_desert": {
    "criteria": {
      "has_journal": "2025-10-30 19:32:29 -0300"
    },
    "done": true
  },
  "ars_nouveau:recipes/misc/magebloom_block_to_magebloom": {
    "criteria": {
      "has_journal": "2025-10-30 19:32:29 -0300"
    },
    "done": true
  },
  "ars_nouveau:recipes/building_blocks/sourcestone_mosaic_slab": {
    "criteria": {
      "has_journal": "2025-10-30 19:32:29 -0300"
    },
    "done": true
  },
  "ars_nouveau:recipes/misc/sourcestone_large_bricks_stairs": {
    "criteria": {
      "has_journal": "2025-10-30 19:32:29 -0300"
    },
    "done": true
  },
  "ars_additions:recipes/decorations/crafting/stonecutter/polished_sourcestone_wall_0": {
    "criteria": {
      "has_journal": "2025-10-30 19:32:29 -0300"
    },
    "done": true
  },
  "ars_nouveau:recipes/misc/bombegranate_to_orange": {
    "criteria": {
      "has_journal": "2025-10-30 19:32:29 -0300"
    },
    "done": true
  },
  "ars_nouveau:recipes/misc/dull_trinket": {
    "criteria": {
      "has_journal": "2025-10-30 19:32:29 -0300"
    },
    "done": true
  },
  "ars_nouveau:recipes/misc/spike_to_dye": {
    "criteria": {
      "has_journal": "2025-10-30 19:32:29 -0300"
    },
    "done": true
  },
  "ars_nouveau:recipes/misc/rotating_turret_to_basic_spell_turret": {
    "criteria": {
      "has_journal": "2025-10-30 19:32:29 -0300"
    },
    "done": true
  },
  "ars_nouveau:recipes/misc/ritual_moonfall": {
    "criteria": {
      "has_journal": "2025-10-30 19:32:29 -0300"
    },
    "done": true
  },
  "ars_elemental:recipes/misc/curio_bag": {
    "criteria": {
      "has_journal": "2025-10-30 19:32:29 -0300"
    },
    "done": true
  },
  "ars_nouveau:recipes/misc/smooth_sourcestone_grate": {
    "criteria": {
      "has_journal": "2025-10-30 19:32:29 -0300"
    },
    "done": true
  },
  "ars_nouveau:recipes/misc/polished_sconce": {
    "criteria": {
      "has_journal": "2025-10-30 19:32:29 -0300"
    },
    "done": true
  },
  "ars_nouveau:recipes/building_blocks/sourcestone_small_bricks_stonecutter_stair": {
    "criteria": {
      "has_journal": "2025-10-30 19:32:29 -0300"
    },
    "done": true
  },
  "ars_nouveau:recipes/misc/magelight_torch": {
    "criteria": {
      "has_journal": "2025-10-30 19:32:29 -0300"
    },
    "done": true
  },
  "ars_nouveau:recipes/misc/platform_to_pedestal": {
    "criteria": {
      "has_journal": "2025-10-30 19:32:29 -0300"
    },
    "done": true
  },
  "ars_nouveau:recipes/building_blocks/gilded_sourcestone_large_bricks_slab": {
    "criteria": {
      "has_journal": "2025-10-30 19:32:29 -0300"
    },
    "done": true
  },
  "ars_additions:recipes/misc/crafting/buttons/sourcestone_button": {
    "criteria": {
      "has_journal": "2025-10-30 19:32:29 -0300"
    },
    "done": true
  },
  "ars_nouveau:recipes/misc/novice_spellbook_alt": {
    "criteria": {
      "has_journal": "2025-10-30 19:32:29 -0300"
    },
    "done": true
  },
  "ars_additions:recipes/misc/ritual/ritual_locate_structure": {
    "criteria": {
      "has_journal": "2025-10-30 19:32:29 -0300"
    },
    "done": true
  },
  "ars_nouveau:recipes/building_blocks/smooth_gilded_sourcestone_small_bricks_stonecutter_stair": {
    "criteria": {
      "has_journal": "2025-10-30 19:32:29 -0300"
    },
    "done": true
  },
  "ars_nouveau:recipes/misc/imbuement_chamber": {
    "criteria": {
      "has_journal": "2025-10-30 19:32:29 -0300"
    },
    "done": true
  },
  "ars_elemental:recipes/misc/yellow_archwood": {
    "criteria": {
      "has_journal": "2025-10-30 19:32:29 -0300"
    },
    "done": true
  },
  "ars_nouveau:recipes/building_blocks/archwood_slab": {
    "criteria": {
      "has_journal": "2025-10-30 19:32:29 -0300"
    },
    "done": true
  },
  "ars_nouveau:recipes/misc/ritual_binding": {
    "criteria": {
      "has_journal": "2025-10-30 19:32:29 -0300"
    },
    "done": true
  },
  "ars_nouveau:root": {
    "criteria": {
      "ars_nouveau:worn_notebook": "2025-10-30 19:32:29 -0300"
    },
    "done": true
  },
  "ars_additions:recipes/misc/crafting/revert/cracked_polished_sourcestone_to_sourcestone": {
    "criteria": {
      "has_journal": "2025-10-30 19:32:29 -0300"
    },
    "done": true
  },
  "ars_nouveau:recipes/misc/wing_to_leather": {
    "criteria": {
      "has_journal": "2025-10-30 19:32:29 -0300"
    },
    "done": true
  },
  "ars_nouveau:recipes/misc/runic_chalk": {
    "criteria": {
      "has_journal": "2025-10-30 19:32:29 -0300"
    },
    "done": true
  },
  "ars_nouveau:recipes/building_blocks/gilded_sourcestone_basketweave_stone_cutterslab": {
    "criteria": {
      "has_journal": "2025-10-30 19:32:29 -0300"
    },
    "done": true
  },
  "ars_additions:recipes/misc/crafting/chains/golden_chain": {
    "criteria": {
      "has_journal": "2025-10-30 19:32:29 -0300"
    },
    "done": true
  },
  "ars_nouveau:recipes/misc/blue_sbed": {
    "criteria": {
      "has_journal": "2025-10-30 19:32:29 -0300"
    },
    "done": true
  },
  "ars_nouveau:recipes/misc/ritual_restoration": {
    "criteria": {
      "has_journal": "2025-10-30 19:32:29 -0300"
    },
    "done": true
  },
  "ars_nouveau:recipes/misc/sourcestone": {
    "criteria": {
      "has_journal": "2025-10-30 19:32:29 -0300"
    },
    "done": true
  },
  "ars_additions:recipes/misc/clear_advanced_dominion_wand": {
    "criteria": {
      "has_journal": "2025-10-30 19:32:29 -0300"
    },
    "done": true
  },
  "ars_nouveau:recipes/misc/smooth_sourcestone_to_sourcestone": {
    "criteria": {
      "has_journal": "2025-10-30 19:32:29 -0300"
    },
    "done": true
  },
  "ars_nouveau:recipes/decorations/sourcestone_19": {
    "criteria": {
      "has_journal": "2025-10-30 19:32:29 -0300"
    },
    "done": true
  },
  "ars_nouveau:recipes/decorations/sourcestone_18": {
    "criteria": {
      "has_journal": "2025-10-30 19:32:29 -0300"
    },
    "done": true
  },
  "ars_nouveau:recipes/decorations/sourcestone_11": {
    "criteria": {
      "has_journal": "2025-10-30 19:32:29 -0300"
    },
    "done": true
  },
  "ars_nouveau:recipes/decorations/sourcestone_10": {
    "criteria": {
      "has_journal": "2025-10-30 19:32:29 -0300"
    },
    "done": true
  },
  "ars_nouveau:recipes/decorations/sourcestone_13": {
    "criteria": {
      "has_journal": "2025-10-30 19:32:29 -0300"
    },
    "done": true
  },
  "ars_nouveau:recipes/decorations/sourcestone_12": {
    "criteria": {
      "has_journal": "2025-10-30 19:32:29 -0300"
    },
    "done": true
  },
  "ars_nouveau:recipes/decorations/sourcestone_15": {
    "criteria": {
      "has_journal": "2025-10-30 19:32:29 -0300"
    },
    "done": true
  },
  "ars_nouveau:recipes/decorations/sourcestone_14": {
    "criteria": {
      "has_journal": "2025-10-30 19:32:29 -0300"
    },
    "done": true
  },
  "ars_nouveau:recipes/decorations/sourcestone_17": {
    "criteria": {
      "has_journal": "2025-10-30 19:32:29 -0300"
    },
    "done": true
  },
  "ars_nouveau:recipes/decorations/sourcestone_16": {
    "criteria": {
      "has_journal": "2025-10-30 19:32:29 -0300"
    },
    "done": true
  },
  "ars_nouveau:recipes/misc/smooth_gilded_sourcestone_large_bricks_stairs": {
    "criteria": {
      "has_journal": "2025-10-30 19:32:29 -0300"
    },
    "done": true
  },
  "ars_nouveau:recipes/misc/ritual_sanctuary": {
    "criteria": {
      "has_journal": "2025-10-30 19:32:29 -0300"
    },
    "done": true
  },
  "ars_additions:recipes/misc/crafting/doors/sourcestone_door": {
    "criteria": {
      "has_journal": "2025-10-30 19:32:29 -0300"
    },
    "done": true
  },
  "ars_nouveau:recipes/building_blocks/archwood_button": {
    "criteria": {
      "has_journal": "2025-10-30 19:32:29 -0300"
    },
    "done": true
  },
  "ars_additions:recipes/decorations/crafting/stonecutter/polished_sourcestone_door_0": {
    "criteria": {
      "has_journal": "2025-10-30 19:32:29 -0300"
    },
    "done": true
  },
  "ars_nouveau:recipes/misc/archwood_chest": {
    "criteria": {
      "has_journal": "2025-10-30 19:32:29 -0300"
    },
    "done": true
  },
  "ars_nouveau:recipes/building_blocks/smooth_sourcestone_stonecutter_stair": {
    "criteria": {
      "has_journal": "2025-10-30 19:32:29 -0300"
    },
    "done": true
  },
  "ars_nouveau:recipes/building_blocks/smooth_sourcestone_basketweave_stone_cutterslab": {
    "criteria": {
      "has_journal": "2025-10-30 19:32:29 -0300"
    },
    "done": true
  },
  "ars_nouveau:recipes/building_blocks/smooth_gilded_sourcestone_alternating_stone_cutterslab": {
    "criteria": {
      "has_journal": "2025-10-30 19:32:29 -0300"
    },
    "done": true
  },
  "ars_nouveau:recipes/decorations/sourcestone_20": {
    "criteria": {
      "has_journal": "2025-10-30 19:32:29 -0300"
    },
    "done": true
  },
  "ars_nouveau:recipes/misc/gilded_sourcestone_mosaic_to_sourcestone": {
    "criteria": {
      "has_journal": "2025-10-30 19:32:29 -0300"
    },
    "done": true
  },
  "ars_nouveau:recipes/decorations/sourcestone_21": {
    "criteria": {
      "has_journal": "2025-10-30 19:32:29 -0300"
    },
    "done": true
  },
  "ars_nouveau:recipes/misc/annotated_codex": {
    "criteria": {
      "has_journal": "2025-10-30 19:32:29 -0300"
    },
    "done": true
  },
  "ars_nouveau:recipes/misc/sourcestone_stairs": {
    "criteria": {
      "has_journal": "2025-10-30 19:32:29 -0300"
    },
    "done": true
  },
  "ars_additions:recipes/misc/crafting/trapdoors/sourcestone_trapdoor": {
    "criteria": {
      "has_journal": "2025-10-30 19:32:29 -0300"
    },
    "done": true
  },
  "ars_nouveau:recipes/misc/volcanic_sourcelink": {
    "criteria": {
      "has_journal": "2025-10-30 19:32:29 -0300"
    },
    "done": true
  },
  "ars_nouveau:recipes/misc/sourceberry_to_purple": {
    "criteria": {
      "has_journal": "2025-10-30 19:32:29 -0300"
    },
    "done": true
  },
  "ars_nouveau:recipes/building_blocks/gilded_sourcestone_alternating_stonecutter_stair": {
    "criteria": {
      "has_journal": "2025-10-30 19:32:29 -0300"
    },
    "done": true
  },
  "ars_nouveau:recipes/misc/source_gem_block_2": {
    "criteria": {
      "has_journal": "2025-10-30 19:32:29 -0300"
    },
    "done": true
  },
  "ars_nouveau:recipes/building_blocks/gilded_sourcestone_large_bricks_stone_cutterslab": {
    "criteria": {
      "has_journal": "2025-10-30 19:32:29 -0300"
    },
    "done": true
  },
  "ars_nouveau:recipes/misc/arcane_platform": {
    "criteria": {
      "has_journal": "2025-10-30 19:32:29 -0300"
    },
    "done": true
  },
  "ars_elemental:recipes/redstone/advanced_prism": {
    "criteria": {
      "has_journal": "2025-10-30 19:32:29 -0300"
    },
    "done": true
  },
  "ars_nouveau:recipes/building_blocks/archwood_door": {
    "criteria": {
      "has_journal": "2025-10-30 19:32:29 -0300"
    },
    "done": true
  },
  "ars_nouveau:recipes/misc/vitalic_sourcelink": {
    "criteria": {
      "has_journal": "2025-10-30 19:32:29 -0300"
    },
    "done": true
  },
  "ars_additions:recipes/decorations/crafting/stonecutter/sourcestone_5": {
    "criteria": {
      "has_journal": "2025-10-30 19:32:29 -0300"
    },
    "done": true
  },
  "ars_additions:recipes/decorations/crafting/stonecutter/sourcestone_4": {
    "criteria": {
      "has_journal": "2025-10-30 19:32:29 -0300"
    },
    "done": true
  },
  "ars_additions:recipes/decorations/crafting/stonecutter/sourcestone_3": {
    "criteria": {
      "has_journal": "2025-10-30 19:32:29 -0300"
    },
    "done": true
  },
  "ars_additions:recipes/decorations/crafting/stonecutter/sourcestone_2": {
    "criteria": {
      "has_journal": "2025-10-30 19:32:29 -0300"
    },
    "done": true
  },
  "ars_additions:recipes/decorations/crafting/stonecutter/sourcestone_1": {
    "criteria": {
      "has_journal": "2025-10-30 19:32:29 -0300"
    },
    "done": true
  },
  "ars_additions:recipes/decorations/crafting/stonecutter/sourcestone_0": {
    "criteria": {
      "has_journal": "2025-10-30 19:32:29 -0300"
    },
    "done": true
  },
  "ars_nouveau:recipes/misc/manipulation_essence_to_moss_block": {
    "criteria": {
      "has_journal": "2025-10-30 19:32:29 -0300"
    },
    "done": true
  },
  "ars_nouveau:recipes/misc/smooth_sourcestone_alternating_stairs": {
    "criteria": {
      "has_journal": "2025-10-30 19:32:29 -0300"
    },
    "done": true
  },
  "ars_elemental:recipes/misc/ritual_detection": {
    "criteria": {
      "has_journal": "2025-10-30 19:32:29 -0300"
    },
    "done": true
  },
  "ars_additions:recipes/misc/crafting/lanterns/reversed_polished_sourcestone_magelight_lantern": {
    "criteria": {
      "has_journal": "2025-10-30 19:32:29 -0300"
    },
    "done": true
  },
  "ars_nouveau:recipes/misc/sourcestone_alternating_stairs": {
    "criteria": {
      "has_journal": "2025-10-30 19:32:29 -0300"
    },
    "done": true
  },
  "ars_nouveau:recipes/misc/conjuration_essence_to_soul_sand": {
    "criteria": {
      "has_journal": "2025-10-30 19:32:29 -0300"
    },
    "done": true
  },
  "ars_nouveau:recipes/misc/manipulation_essence_to_deepslate": {
    "criteria": {
      "has_journal": "2025-10-30 19:32:29 -0300"
    },
    "done": true
  },
  "ars_additions:recipes/misc/handy_haversack": {
    "criteria": {
      "has_journal": "2025-10-30 19:32:29 -0300"
    },
    "done": true
  },
  "ars_additions:recipes/misc/crafting/lanterns/golden_lantern": {
    "criteria": {
      "has_journal": "2025-10-30 19:32:29 -0300"
    },
    "done": true
  },
  "ars_additions:recipes/misc/crafting/walls/polished_sourcestone_wall": {
    "criteria": {
      "has_journal": "2025-10-30 19:32:29 -0300"
    },
    "done": true
  },
  "ars_additions:recipes/misc/crafting/revert/cracked_sourcestone_to_sourcestone": {
    "criteria": {
      "has_journal": "2025-10-30 19:32:29 -0300"
    },
    "done": true
  },
  "ars_nouveau:recipes/building_blocks/gilded_sourcestone_large_bricks_stonecutter_stair": {
    "criteria": {
      "has_journal": "2025-10-30 19:32:29 -0300"
    },
    "done": true
  },
  "ars_nouveau:recipes/misc/magebloom_block": {
    "criteria": {
      "has_journal": "2025-10-30 19:32:29 -0300"
    },
    "done": true
  },
  "ars_nouveau:recipes/misc/smooth_sourcestone_mosaic_to_sourcestone": {
    "criteria": {
      "has_journal": "2025-10-30 19:32:29 -0300"
    },
    "done": true
  },
  "ars_additions:recipes/misc/crafting/lanterns/sourcestone_magelight_lantern": {
    "criteria": {
      "has_journal": "2025-10-30 19:32:29 -0300"
    },
    "done": true
  },
  "ars_additions:recipes/decorations/crafting/stonecutter/sourcestone_chain_1": {
    "criteria": {
      "has_journal": "2025-10-30 19:32:29 -0300"
    },
    "done": true
  },
  "ars_additions:recipes/decorations/crafting/stonecutter/sourcestone_chain_0": {
    "criteria": {
      "has_journal": "2025-10-30 19:32:29 -0300"
    },
    "done": true
  },
  "ars_nouveau:recipes/misc/red_archwood_wood": {
    "criteria": {
      "has_journal": "2025-10-30 19:32:29 -0300"
    },
    "done": true
  },
  "ars_nouveau:recipes/building_blocks/smooth_gilded_sourcestone_mosaic_slab": {
    "criteria": {
      "has_journal": "2025-10-30 19:32:29 -0300"
    },
    "done": true
  },
  "ars_nouveau:recipes/misc/ritual_awakening": {
    "criteria": {
      "has_journal": "2025-10-30 19:32:29 -0300"
    },
    "done": true
  },
  "ars_nouveau:recipes/misc/mimic_scroll": {
    "criteria": {
      "has_journal": "2025-10-30 19:32:29 -0300"
    },
    "done": true
  },
  "ars_nouveau:recipes/misc/red_sbed": {
    "criteria": {
      "has_journal": "2025-10-30 19:32:29 -0300"
    },
    "done": true
  },
  "ars_nouveau:recipes/misc/redstone_relay": {
    "criteria": {
      "has_journal": "2025-10-30 19:32:29 -0300"
    },
    "done": true
  },
  "ars_nouveau:recipes/misc/source_jar": {
    "criteria": {
      "has_journal": "2025-10-30 19:32:29 -0300"
    },
    "done": true
  },
  "ars_nouveau:recipes/misc/clear_wixie_charm": {
    "criteria": {
      "has_journal": "2025-10-30 19:32:29 -0300"
    },
    "done": true
  },
  "ars_nouveau:recipes/building_blocks/smooth_sourcestone_alternating_stonecutter_stair": {
    "criteria": {
      "has_journal": "2025-10-30 19:32:29 -0300"
    },
    "done": true
  },
  "ars_nouveau:recipes/misc/mundane_belt": {
    "criteria": {
      "has_journal": "2025-10-30 19:32:29 -0300"
    },
    "done": true
  },
  "ars_nouveau:recipes/building_blocks/smooth_gilded_sourcestone_small_bricks_stone_cutterslab": {
    "criteria": {
      "has_journal": "2025-10-30 19:32:29 -0300"
    },
    "done": true
  },
  "ars_nouveau:recipes/building_blocks/smooth_sourcestone_large_bricks_stone_cutterslab": {
    "criteria": {
      "has_journal": "2025-10-30 19:32:29 -0300"
    },
    "done": true
  },
  "ars_nouveau:recipes/misc/challenge_2": {
    "criteria": {
      "has_journal": "2025-10-30 19:32:29 -0300"
    },
    "done": true
  },
  "ars_nouveau:recipes/building_blocks/gilded_sourcestone_basketweave_slab": {
    "criteria": {
      "has_journal": "2025-10-30 19:32:29 -0300"
    },
    "done": true
  },
  "ars_nouveau:recipes/building_blocks/sourcestone_alternating_stone_cutterslab": {
    "criteria": {
      "has_journal": "2025-10-30 19:32:29 -0300"
    },
    "done": true
  },
  "ars_nouveau:recipes/misc/item_detector": {
    "criteria": {
      "has_journal": "2025-10-30 19:32:29 -0300"
    },
    "done": true
  },
  "ars_nouveau:recipes/misc/gilded_sourcestone_small_bricks_to_sourcestone": {
    "criteria": {
      "has_journal": "2025-10-30 19:32:29 -0300"
    },
    "done": true
  },
  "ars_nouveau:recipes/misc/ghostweave": {
    "criteria": {
      "has_journal": "2025-10-30 19:32:29 -0300"
    },
    "done": true
  },
  "ars_nouveau:recipes/misc/manipulation_essence_to_vexing_sapling": {
    "criteria": {
      "has_journal": "2025-10-30 19:32:29 -0300"
    },
    "done": true
  },
  "ars_nouveau:recipes/building_blocks/gilded_sourcestone_mosaic_slab": {
    "criteria": {
      "has_journal": "2025-10-30 19:32:29 -0300"
    },
    "done": true
  },
  "ars_nouveau:recipes/misc/sourcestone_large_bricks_to_sourcestone": {
    "criteria": {
      "has_journal": "2025-10-30 19:32:29 -0300"
    },
    "done": true
  },
  "ars_elemental:recipes/misc/caster_bag": {
    "criteria": {
      "has_journal": "2025-10-30 19:32:29 -0300"
    },
    "done": true
  },
  "ars_nouveau:recipes/building_blocks/sourcestone_slab": {
    "criteria": {
      "has_journal": "2025-10-30 19:32:29 -0300"
    },
    "done": true
  },
  "ars_nouveau:recipes/misc/purple_sbed": {
    "criteria": {
      "has_journal": "2025-10-30 19:32:29 -0300"
    },
    "done": true
  },
  "ars_nouveau:recipes/building_blocks/smooth_gilded_sourcestone_large_bricks_slab": {
    "criteria": {
      "has_journal": "2025-10-30 19:32:29 -0300"
    },
    "done": true
  },
  "ars_nouveau:recipes/misc/smooth_sourcestone_basketweave_stairs": {
    "criteria": {
      "has_journal": "2025-10-30 19:32:29 -0300"
    },
    "done": true
  },
  "ars_nouveau:recipes/misc/sourceberry_sack": {
    "criteria": {
      "has_journal": "2025-10-30 19:32:29 -0300"
    },
    "done": true
  },
  "ars_nouveau:recipes/misc/manipulation_essence_to_blazin_sapling": {
    "criteria": {
      "has_journal": "2025-10-30 19:32:29 -0300"
    },
    "done": true
  },
  "ars_nouveau:recipes/building_blocks/gilded_sourcestone_mosaic_stone_cutterslab": {
    "criteria": {
      "has_journal": "2025-10-30 19:32:29 -0300"
    },
    "done": true
  },
  "ars_nouveau:recipes/building_blocks/gilded_sourcestone_small_bricks_stone_cutterslab": {
    "criteria": {
      "has_journal": "2025-10-30 19:32:29 -0300"
    },
    "done": true
  },
  "ars_nouveau:recipes/building_blocks/sourcestone_small_bricks_stone_cutterslab": {
    "criteria": {
      "has_journal": "2025-10-30 19:32:29 -0300"
    },
    "done": true
  },
  "ars_nouveau:recipes/misc/gilded_sourcestone_mosaic_stairs": {
    "criteria": {
      "has_journal": "2025-10-30 19:32:29 -0300"
    },
    "done": true
  },
  "ars_elemental:recipes/building_blocks/stripped_yellow_archwood": {
    "criteria": {
      "has_journal": "2025-10-30 19:32:29 -0300"
    },
    "done": true
  },
  "ars_nouveau:recipes/misc/gilded_sourcestone_small_bricks_stairs": {
    "criteria": {
      "has_journal": "2025-10-30 19:32:29 -0300"
    },
    "done": true
  },
  "ars_additions:recipes/misc/crafting/lanterns/golden_magelight_lantern": {
    "criteria": {
      "has_journal": "2025-10-30 19:32:29 -0300"
    },
    "done": true
  },
  "ars_nouveau:recipes/misc/clear_amethyst_golem_charm": {
    "criteria": {
      "has_journal": "2025-10-30 19:32:29 -0300"
    },
    "done": true
  },
  "ars_nouveau:recipes/misc/arcane_pedestal": {
    "criteria": {
      "has_journal": "2025-10-30 19:32:29 -0300"
    },
    "done": true
  },
  "ars_nouveau:recipes/misc/clear_alakarkinos_charm": {
    "criteria": {
      "has_journal": "2025-10-30 19:32:29 -0300"
    },
    "done": true
  },
  "ars_nouveau:recipes/misc/fire_essence_to_charge": {
    "criteria": {
      "has_journal": "2025-10-30 19:32:29 -0300"
    },
    "done": true
  },
  "ars_additions:recipes/misc/wayfinder": {
    "criteria": {
      "has_journal": "2025-10-30 19:32:29 -0300"
    },
    "done": true
  },
  "ars_additions:recipes/misc/clear_handy_haversack": {
    "criteria": {
      "has_journal": "2025-10-30 19:32:29 -0300"
    },
    "done": true
  },
  "ars_nouveau:recipes/building_blocks/gilded_sourcestone_mosaic_stonecutter_stair": {
    "criteria": {
      "has_journal": "2025-10-30 19:32:29 -0300"
    },
    "done": true
  },
  "ars_nouveau:recipes/misc/ritual_scrying": {
    "criteria": {
      "has_journal": "2025-10-30 19:32:29 -0300"
    },
    "done": true
  },
  "ars_nouveau:recipes/misc/smooth_gilded_sourcestone_large_bricks_to_sourcestone": {
    "criteria": {
      "has_journal": "2025-10-30 19:32:29 -0300"
    },
    "done": true
  },
  "ars_additions:recipes/misc/crafting/chains/archwood_chain": {
    "criteria": {
      "has_journal": "2025-10-30 19:32:29 -0300"
    },
    "done": true
  },
  "ars_nouveau:recipes/misc/manipulation_essence_to_cascading_sapling": {
    "criteria": {
      "has_journal": "2025-10-30 19:32:29 -0300"
    },
    "done": true
  },
  "ars_additions:recipes/misc/crafting/walls/sourcestone_wall": {
    "criteria": {
      "has_journal": "2025-10-30 19:32:29 -0300"
    },
    "done": true
  },
  "ars_nouveau:recipes/building_blocks/sourcestone_mosaic_stonecutter_stair": {
    "criteria": {
      "has_journal": "2025-10-30 19:32:29 -0300"
    },
    "done": true
  },
  "ars_nouveau:recipes/misc/clear_allow": {
    "criteria": {
      "has_journal": "2025-10-30 19:32:29 -0300"
    },
    "done": true
  },
  "ars_additions:recipes/decorations/crafting/stonecutter/polished_sourcestone_trapdoor_0": {
    "criteria": {
      "has_journal": "2025-10-30 19:32:29 -0300"
    },
    "done": true
  },
  "ars_additions:recipes/misc/crafting/doors/polished_sourcestone_door": {
    "criteria": {
      "has_journal": "2025-10-30 19:32:29 -0300"
    },
    "done": true
  },
  "ars_nouveau:recipes/decorations/archwood_hanging_sign": {
    "criteria": {
      "has_journal": "2025-10-30 19:32:29 -0300"
    },
    "done": true
  },
  "ars_nouveau:recipes/building_blocks/smooth_gilded_sourcestone_small_bricks_slab": {
    "criteria": {
      "has_journal": "2025-10-30 19:32:29 -0300"
    },
    "done": true
  },
  "ars_nouveau:recipes/misc/smooth_sourcestone_large_bricks_to_sourcestone": {
    "criteria": {
      "has_journal": "2025-10-30 19:32:29 -0300"
    },
    "done": true
  },
  "ars_nouveau:recipes/misc/water_essence_to_obsidian": {
    "criteria": {
      "has_journal": "2025-10-30 19:32:29 -0300"
    },
    "done": true
  },
  "ars_nouveau:recipes/misc/smooth_sourcestone_mosaic_stairs": {
    "criteria": {
      "has_journal": "2025-10-30 19:32:29 -0300"
    },
    "done": true
  },
  "ars_nouveau:recipes/building_blocks/stripped_purple_archwood_wood": {
    "criteria": {
      "has_journal": "2025-10-30 19:32:29 -0300"
    },
    "done": true
  },
  "ars_additions:recipes/misc/crafting/walls/cracked_polished_sourcestone_wall": {
    "criteria": {
      "has_journal": "2025-10-30 19:32:29 -0300"
    },
    "done": true
  },
  "ars_nouveau:recipes/misc/repository": {
    "criteria": {
      "has_journal": "2025-10-30 19:32:29 -0300"
    },
    "done": true
  },
  "ars_nouveau:recipes/misc/deny_scroll": {
    "criteria": {
      "has_journal": "2025-10-30 19:32:29 -0300"
    },
    "done": true
  },
  "ars_nouveau:recipes/misc/sourcestone_mosaic_stairs": {
    "criteria": {
      "has_journal": "2025-10-30 19:32:29 -0300"
    },
    "done": true
  },
  "ars_nouveau:recipes/building_blocks/sourcestone_stone_cutterslab": {
    "criteria": {
      "has_journal": "2025-10-30 19:32:29 -0300"
    },
    "done": true
  },
  "ars_nouveau:recipes/misc/blue_archwood_wood": {
    "criteria": {
      "has_journal": "2025-10-30 19:32:29 -0300"
    },
    "done": true
  },
  "ars_nouveau:recipes/building_blocks/sourcestone_large_bricks_stone_cutterslab": {
    "criteria": {
      "has_journal": "2025-10-30 19:32:29 -0300"
    },
    "done": true
  },
  "ars_nouveau:recipes/misc/frostaya_to_light_blue": {
    "criteria": {
      "has_journal": "2025-10-30 19:32:29 -0300"
    },
    "done": true
  },
  "ars_additions:recipes/misc/crafting/revert/cracked_sourcestone_small_bricks_to_sourcestone": {
    "criteria": {
      "has_journal": "2025-10-30 19:32:29 -0300"
    },
    "done": true
  },
  "ars_additions:recipes/misc/crafting/buttons/polished_sourcestone_button": {
    "criteria": {
      "has_journal": "2025-10-30 19:32:29 -0300"
    },
    "done": true
  },
  "ars_nouveau:recipes/misc/smooth_gilded_sourcestone_mosaic_stairs": {
    "criteria": {
      "has_journal": "2025-10-30 19:32:29 -0300"
    },
    "done": true
  },
  "ars_nouveau:recipes/misc/clear_starbuncle_shard": {
    "criteria": {
      "has_journal": "2025-10-30 19:32:29 -0300"
    },
    "done": true
  },
  "ars_nouveau:recipes/misc/basic_spell_turret": {
    "criteria": {
      "has_journal": "2025-10-30 19:32:29 -0300"
    },
    "done": true
  },
  "ars_nouveau:recipes/misc/smooth_gilded_sourcestone_small_bricks_stairs": {
    "criteria": {
      "has_journal": "2025-10-30 19:32:29 -0300"
    },
    "done": true
  },
  "ars_nouveau:recipes/misc/ritual_harvest": {
    "criteria": {
      "has_journal": "2025-10-30 19:32:29 -0300"
    },
    "done": true
  },
  "ars_nouveau:recipes/building_blocks/smooth_sourcestone_small_bricks_slab": {
    "criteria": {
      "has_journal": "2025-10-30 19:32:29 -0300"
    },
    "done": true
  },
  "ars_nouveau:recipes/building_blocks/sourcestone_alternating_stonecutter_stair": {
    "criteria": {
      "has_journal": "2025-10-30 19:32:29 -0300"
    },
    "done": true
  },
  "ars_nouveau:recipes/misc/scryers_crystal": {
    "criteria": {
      "has_journal": "2025-10-30 19:32:29 -0300"
    },
    "done": true
  },
  "ars_nouveau:recipes/building_blocks/stripped_red_archwood_wood": {
    "criteria": {
      "has_journal": "2025-10-30 19:32:29 -0300"
    },
    "done": true
  },
  "ars_additions:recipes/misc/crafting/revert/cracked_sourcestone_large_bricks_to_sourcestone": {
    "criteria": {
      "has_journal": "2025-10-30 19:32:29 -0300"
    },
    "done": true
  },
  "ars_nouveau:recipes/misc/sourcestone_basketweave_stairs": {
    "criteria": {
      "has_journal": "2025-10-30 19:32:29 -0300"
    },
    "done": true
  },
  "ars_nouveau:recipes/misc/dowsing_rod": {
    "criteria": {
      "has_journal": "2025-10-30 19:32:29 -0300"
    },
    "done": true
  },
  "ars_nouveau:recipes/misc/smooth_sourcestone_small_bricks_to_sourcestone": {
    "criteria": {
      "has_journal": "2025-10-30 19:32:29 -0300"
    },
    "done": true
  },
  "ars_nouveau:recipes/building_blocks/stripped_blue_archwood_wood": {
    "criteria": {
      "has_journal": "2025-10-30 19:32:29 -0300"
    },
    "done": true
  },
  "ars_nouveau:recipes/misc/sky_block": {
    "criteria": {
      "has_journal": "2025-10-30 19:32:29 -0300"
    },
    "done": true
  },
  "ars_nouveau:recipes/misc/blank_thread": {
    "criteria": {
      "has_journal": "2025-10-30 19:32:29 -0300"
    },
    "done": true
  },
  "ars_nouveau:recipes/misc/archwood_sconce": {
    "criteria": {
      "has_journal": "2025-10-30 19:32:29 -0300"
    },
    "done": true
  },
  "ars_nouveau:recipes/building_blocks/smooth_sourcestone_small_bricks_stonecutter_stair": {
    "criteria": {
      "has_journal": "2025-10-30 19:32:29 -0300"
    },
    "done": true
  },
  "ars_nouveau:recipes/building_blocks/smooth_gilded_sourcestone_large_bricks_stone_cutterslab": {
    "criteria": {
      "has_journal": "2025-10-30 19:32:29 -0300"
    },
    "done": true
  },
  "ars_nouveau:recipes/building_blocks/smooth_gilded_sourcestone_alternating_stonecutter_stair": {
    "criteria": {
      "has_journal": "2025-10-30 19:32:29 -0300"
    },
    "done": true
  },
  "ars_nouveau:recipes/building_blocks/smooth_sourcestone_mosaic_stone_cutterslab": {
    "criteria": {
      "has_journal": "2025-10-30 19:32:29 -0300"
    },
    "done": true
  },
  "farmersdelight:main/root": {
    "criteria": {
      "seeds": "2025-10-30 19:32:29 -0300"
    },
    "done": true
  },
  "ars_nouveau:recipes/misc/sourcestone_small_bricks_stairs": {
    "criteria": {
      "has_journal": "2025-10-30 19:32:29 -0300"
    },
    "done": true
  },
  "ars_nouveau:recipes/misc/sourcestone_small_bricks_to_sourcestone": {
    "criteria": {
      "has_journal": "2025-10-30 19:32:29 -0300"
    },
    "done": true
  },
  "ars_nouveau:recipes/misc/smooth_sourcestone_small_bricks_stairs": {
    "criteria": {
      "has_journal": "2025-10-30 19:32:29 -0300"
    },
    "done": true
  },
  "ars_nouveau:recipes/misc/allow_scroll": {
    "criteria": {
      "has_journal": "2025-10-30 19:32:29 -0300"
    },
    "done": true
  },
  "ars_nouveau:recipes/misc/wilden_summon_alt": {
    "criteria": {
      "has_journal": "2025-10-30 19:32:29 -0300"
    },
    "done": true
  },
  "ars_nouveau:recipes/misc/sourcestone_alternating_to_sourcestone": {
    "criteria": {
      "has_journal": "2025-10-30 19:32:29 -0300"
    },
    "done": true
  },
  "ars_elemental:recipes/misc/ritual_repulsion": {
    "criteria": {
      "has_journal": "2025-10-30 19:32:29 -0300"
    },
    "done": true
  },
  "ars_nouveau:recipes/building_blocks/sourcestone_alternating_slab": {
    "criteria": {
      "has_journal": "2025-10-30 19:32:29 -0300"
    },
    "done": true
  },
  "ars_nouveau:recipes/misc/scry_to_blank_parchment": {
    "criteria": {
      "has_journal": "2025-10-30 19:32:29 -0300"
    },
    "done": true
  },
  "ars_additions:recipes/misc/crafting/walls/cracked_sourcestone_wall": {
    "criteria": {
      "has_journal": "2025-10-30 19:32:29 -0300"
    },
    "done": true
  },
  "ars_nouveau:recipes/building_blocks/smooth_gilded_sourcestone_mosaic_stonecutter_stair": {
    "criteria": {
      "has_journal": "2025-10-30 19:32:29 -0300"
    },
    "done": true
  },
  "ars_nouveau:recipes/misc/clear_starbuncle_charm": {
    "criteria": {
      "has_journal": "2025-10-30 19:32:29 -0300"
    },
    "done": true
  },
  "ars_nouveau:recipes/misc/ritual_wilden_summon": {
    "criteria": {
      "has_journal": "2025-10-30 19:32:29 -0300"
    },
    "done": true
  },
  "ars_additions:recipes/misc/crafting/lanterns/reversed_sourcestone_magelight_lantern": {
    "criteria": {
      "has_journal": "2025-10-30 19:32:29 -0300"
    },
    "done": true
  },
  "ars_nouveau:recipes/misc/mirrorweave": {
    "criteria": {
      "has_journal": "2025-10-30 19:32:29 -0300"
    },
    "done": true
  },
  "ars_nouveau:recipes/misc/magebloom_to_pink": {
    "criteria": {
      "has_journal": "2025-10-30 19:32:29 -0300"
    },
    "done": true
  },
  "ars_nouveau:recipes/misc/gold_grate": {
    "criteria": {
      "has_journal": "2025-10-30 19:32:29 -0300"
    },
    "done": true
  },
  "ars_nouveau:recipes/building_blocks/smooth_sourcestone_alternating_stone_cutterslab": {
    "criteria": {
      "has_journal": "2025-10-30 19:32:29 -0300"
    },
    "done": true
  },
  "ars_elemental:recipes/misc/ritual_tesla_coil": {
    "criteria": {
      "has_journal": "2025-10-30 19:32:29 -0300"
    },
    "done": true
  },
  "ars_elemental:recipes/misc/flight_alt": {
    "criteria": {
      "has_journal": "2025-10-30 19:32:29 -0300"
    },
    "done": true
  },
  "ars_nouveau:recipes/misc/agronomic_sourcelink": {
    "criteria": {
      "has_journal": "2025-10-30 19:32:29 -0300"
    },
    "done": true
  },
  "ars_nouveau:recipes/building_blocks/sourcestone_mosaic_stone_cutterslab": {
    "criteria": {
      "has_journal": "2025-10-30 19:32:29 -0300"
    },
    "done": true
  },
  "ars_nouveau:recipes/misc/smooth_gilded_sourcestone_mosaic_to_sourcestone": {
    "criteria": {
      "has_journal": "2025-10-30 19:32:29 -0300"
    },
    "done": true
  },
  "minecraft:recipes/decorations/crafting_table": {
    "criteria": {
      "unlock_right_away": "2025-10-30 19:32:30 -0300"
    },
    "done": true
  },
  "betterdungeons:root": {
    "criteria": {
      "always": "2025-10-30 19:32:30 -0300"
    },
    "done": true
  },
  "betterdeserttemples:root": {
    "criteria": {
      "always": "2025-10-30 19:32:30 -0300"
    },
    "done": true
  },
  "regions_unexplored:regions_explored": {
    "criteria": {
      "redwoods": "2025-10-30 19:32:30 -0300",
      "deciduous_forest": "2025-10-30 21:25:22 -0300",
      "grassy_beach": "2025-10-30 20:16:05 -0300",
      "grassland": "2025-10-30 20:16:10 -0300",
      "prairie": "2025-10-30 21:25:37 -0300"
    },
    "done": false
  },
  "regions_unexplored:pioneer": {
    "criteria": {
      "redwoods": "2025-10-30 19:32:30 -0300",
      "deciduous_forest": "2025-10-30 21:25:22 -0300",
      "grassy_beach": "2025-10-30 20:16:05 -0300",
      "grassland": "2025-10-30 20:16:10 -0300",
      "prairie": "2025-10-30 21:25:37 -0300"
    },
    "done": false
  },
  "biomeswevegone:biomeswevegone/root": {
    "criteria": {
      "tick": "2025-10-30 19:32:30 -0300"
    },
    "done": true
  },
  "dungeons_arise:wda_root": {
    "criteria": {
      "WDA": "2025-10-30 19:32:30 -0300"
    },
    "done": true
  },
  "regions_unexplored:parent": {
    "criteria": {
      "load_in_world": "2025-10-30 19:32:30 -0300"
    },
    "done": true
  },
  "apotheosis:progression/root": {
    "criteria": {
      "tick": "2025-10-30 19:32:30 -0300"
    },
    "done": true
  },
  "regions_unexplored:recipes/decorations/redwood_branch_from_redwood_log": {
    "criteria": {
      "has_log": "2025-10-30 19:33:32 -0300"
    },
    "done": true
  },
  "regions_unexplored:got_wood": {
    "criteria": {
      "redwood_log": "2025-10-30 19:33:32 -0300"
    },
    "done": false
  },
  "regions_unexplored:recipes/building_blocks/redwood_planks": {
    "criteria": {
      "has_logs": "2025-10-30 19:33:32 -0300"
    },
    "done": true
  },
  "domum_ornamentum:recipes/tools/architectscutter": {
    "criteria": {
      "has_log": "2025-10-30 19:33:32 -0300"
    },
    "done": true
  },
  "minecraft:recipes/misc/charcoal": {
    "criteria": {
      "has_log": "2025-10-30 19:33:32 -0300"
    },
    "done": true
  },
  "enderio:recipes/misc/stick": {
    "criteria": {
      "has_ingredient": "2025-10-30 19:33:32 -0300"
    },
    "done": true
  },
  "regions_unexplored:recipes/building_blocks/redwood_wood": {
    "criteria": {
      "has_log": "2025-10-30 19:33:32 -0300"
    },
    "done": true
  },
  "minecraft:recipes/decorations/ladder": {
    "criteria": {
      "has_stick": "2025-10-30 19:33:51 -0300"
    },
    "done": true
  },
  "silentgear:recipes/misc/gear/convert/diamond_pickaxe": {
    "criteria": {
      "has_stick": "2025-10-30 19:33:51 -0300"
    },
    "done": true
  },
  "minecraft:recipes/tools/wooden_axe": {
    "criteria": {
      "has_stick": "2025-10-30 19:33:51 -0300"
    },
    "done": true
  },
  "silentgear:recipes/misc/gear/convert/iron_boots": {
    "criteria": {
      "has_stick": "2025-10-30 19:33:51 -0300"
    },
    "done": true
  },
  "silentgear:recipes/misc/gear/convert/netherite_leggings": {
    "criteria": {
      "has_stick": "2025-10-30 19:33:51 -0300"
    },
    "done": true
  },
  "refurbished_furniture:recipes/misc/constructing/birch_lattice_fence": {
    "criteria": {
      "has_minecraft:stick": "2025-10-30 19:33:51 -0300"
    },
    "done": true
  },
  "silentgear:recipes/misc/gear/convert/netherite_pickaxe": {
    "criteria": {
      "has_stick": "2025-10-30 19:33:51 -0300"
    },
    "done": true
  },
  "silentgear:recipes/misc/gear/convert/golden_sword": {
    "criteria": {
      "has_stick": "2025-10-30 19:33:51 -0300"
    },
    "done": true
  },
  "minecraft:recipes/decorations/campfire": {
    "criteria": {
      "has_stick": "2025-10-30 19:33:51 -0300"
    },
    "done": true
  },
  "refurbished_furniture:recipes/misc/constructing/dark_oak_lattice_fence": {
    "criteria": {
      "has_minecraft:stick": "2025-10-30 19:33:51 -0300"
    },
    "done": true
  },
  "minecraft:recipes/combat/wooden_sword": {
    "criteria": {
      "has_stick": "2025-10-30 19:33:51 -0300"
    },
    "done": true
  },
  "silentgear:recipes/misc/gear/convert/netherite_axe": {
    "criteria": {
      "has_stick": "2025-10-30 19:33:51 -0300"
    },
    "done": true
  },
  "refurbished_furniture:recipes/misc/constructing/jungle_lattice_fence_gate": {
    "criteria": {
      "has_minecraft:stick": "2025-10-30 19:33:51 -0300"
    },
    "done": true
  },
  "refurbished_furniture:recipes/misc/constructing/spruce_lattice_fence": {
    "criteria": {
      "has_minecraft:stick": "2025-10-30 19:33:51 -0300"
    },
    "done": true
  },
  "silentgear:recipes/misc/gear/convert/diamond_boots": {
    "criteria": {
      "has_stick": "2025-10-30 19:33:51 -0300"
    },
    "done": true
  },
  "domum_ornamentum:recipes/building_blocks/blockbarreldeco_onside": {
    "criteria": {
      "has_stick": "2025-10-30 19:33:51 -0300"
    },
    "done": true
  },
  "refurbished_furniture:recipes/misc/constructing/crimson_lattice_fence_gate": {
    "criteria": {
      "has_minecraft:stick": "2025-10-30 19:33:51 -0300"
    },
    "done": true
  },
  "silentgear:recipes/misc/gear/convert/iron_axe": {
    "criteria": {
      "has_stick": "2025-10-30 19:33:51 -0300"
    },
    "done": true
  },
  "silentgear:recipes/misc/gear/convert/golden_boots": {
    "criteria": {
      "has_stick": "2025-10-30 19:33:51 -0300"
    },
    "done": true
  },
  "refurbished_furniture:recipes/misc/constructing/oak_lattice_fence": {
    "criteria": {
      "has_minecraft:stick": "2025-10-30 19:33:51 -0300"
    },
    "done": true
  },
  "minecraft:recipes/tools/wooden_pickaxe": {
    "criteria": {
      "has_stick": "2025-10-30 19:33:51 -0300"
    },
    "done": true
  },
  "refurbished_furniture:recipes/misc/constructing/cherry_lattice_fence_gate": {
    "criteria": {
      "has_minecraft:stick": "2025-10-30 19:33:51 -0300"
    },
    "done": true
  },
  "silentgear:recipes/misc/gear/convert/iron_sword": {
    "criteria": {
      "has_stick": "2025-10-30 19:33:51 -0300"
    },
    "done": true
  },
  "silentgear:recipes/misc/gear/convert/iron_pickaxe": {
    "criteria": {
      "has_stick": "2025-10-30 19:33:51 -0300"
    },
    "done": true
  },
  "domum_ornamentum:recipes/building_blocks/blockbarreldeco_standing": {
    "criteria": {
      "has_stick": "2025-10-30 19:33:51 -0300"
    },
    "done": true
  },
  "silentgear:recipes/misc/gear/convert/golden_leggings": {
    "criteria": {
      "has_stick": "2025-10-30 19:33:51 -0300"
    },
    "done": true
  },
  "silentgear:recipes/misc/gear/convert/diamond_hoe": {
    "criteria": {
      "has_stick": "2025-10-30 19:33:51 -0300"
    },
    "done": true
  },
  "refurbished_furniture:recipes/misc/constructing/warped_lattice_fence": {
    "criteria": {
      "has_minecraft:stick": "2025-10-30 19:33:51 -0300"
    },
    "done": true
  },
  "refurbished_furniture:recipes/misc/constructing/birch_lattice_fence_gate": {
    "criteria": {
      "has_minecraft:stick": "2025-10-30 19:33:51 -0300"
    },
    "done": true
  },
  "silentgear:recipes/misc/gear/convert/diamond_helmet": {
    "criteria": {
      "has_stick": "2025-10-30 19:33:51 -0300"
    },
    "done": true
  },
  "refurbished_furniture:recipes/misc/constructing/crimson_lattice_fence": {
    "criteria": {
      "has_minecraft:stick": "2025-10-30 19:33:51 -0300"
    },
    "done": true
  },
  "refurbished_furniture:recipes/misc/constructing/jungle_lattice_fence": {
    "criteria": {
      "has_minecraft:stick": "2025-10-30 19:33:51 -0300"
    },
    "done": true
  },
  "refurbished_furniture:recipes/misc/constructing/spruce_lattice_fence_gate": {
    "criteria": {
      "has_minecraft:stick": "2025-10-30 19:33:51 -0300"
    },
    "done": true
  },
  "silentgear:recipes/misc/gear/convert/diamond_chestplate": {
    "criteria": {
      "has_stick": "2025-10-30 19:33:51 -0300"
    },
    "done": true
  },
  "refurbished_furniture:recipes/misc/constructing/dark_oak_lattice_fence_gate": {
    "criteria": {
      "has_minecraft:stick": "2025-10-30 19:33:51 -0300"
    },
    "done": true
  },
  "silentgear:recipes/misc/gear/convert/golden_pickaxe": {
    "criteria": {
      "has_stick": "2025-10-30 19:33:51 -0300"
    },
    "done": true
  },
  "silentgear:recipes/misc/gear/convert/netherite_chestplate": {
    "criteria": {
      "has_stick": "2025-10-30 19:33:51 -0300"
    },
    "done": true
  },
  "silentgear:recipes/misc/crude_tool_parts": {
    "criteria": {
      "has_item": "2025-10-30 19:33:51 -0300"
    },
    "done": true
  },
  "silentgear:recipes/misc/gear/convert/netherite_hoe": {
    "criteria": {
      "has_stick": "2025-10-30 19:33:51 -0300"
    },
    "done": true
  },
  "refurbished_furniture:recipes/misc/constructing/oak_lattice_fence_gate": {
    "criteria": {
      "has_minecraft:stick": "2025-10-30 19:33:51 -0300"
    },
    "done": true
  },
  "silentgear:recipes/misc/gear/convert/diamond_shoves": {
    "criteria": {
      "has_stick": "2025-10-30 19:33:51 -0300"
    },
    "done": true
  },
  "silentgear:recipes/misc/gear/convert/diamond_sword": {
    "criteria": {
      "has_stick": "2025-10-30 19:33:51 -0300"
    },
    "done": true
  },
  "silentgear:recipes/misc/gear/convert/iron_chestplate": {
    "criteria": {
      "has_stick": "2025-10-30 19:33:51 -0300"
    },
    "done": true
  },
  "silentgear:recipes/misc/gear/convert/iron_helmet": {
    "criteria": {
      "has_stick": "2025-10-30 19:33:51 -0300"
    },
    "done": true
  },
  "silentgear:recipes/misc/gear/convert/netherite_helmet": {
    "criteria": {
      "has_stick": "2025-10-30 19:33:51 -0300"
    },
    "done": true
  },
  "minecraft:recipes/tools/wooden_hoe": {
    "criteria": {
      "has_stick": "2025-10-30 19:33:51 -0300"
    },
    "done": true
  },
  "refurbished_furniture:recipes/misc/constructing/acacia_lattice_fence": {
    "criteria": {
      "has_minecraft:stick": "2025-10-30 19:33:51 -0300"
    },
    "done": true
  },
  "silentgear:recipes/misc/gear/convert/netherite_sword": {
    "criteria": {
      "has_stick": "2025-10-30 19:33:51 -0300"
    },
    "done": true
  },
  "minecraft:recipes/tools/wooden_shovel": {
    "criteria": {
      "has_stick": "2025-10-30 19:33:51 -0300"
    },
    "done": true
  },
  "silentgear:recipes/misc/gear/convert/golden_hoe": {
    "criteria": {
      "has_stick": "2025-10-30 19:33:51 -0300"
    },
    "done": true
  },
  "silentgear:recipes/misc/gear/convert/iron_leggings": {
    "criteria": {
      "has_stick": "2025-10-30 19:33:51 -0300"
    },
    "done": true
  },
  "silentgear:recipes/misc/gear/convert/iron_shoves": {
    "criteria": {
      "has_stick": "2025-10-30 19:33:51 -0300"
    },
    "done": true
  },
  "silentgear:recipes/misc/gear/convert/golden_helmet": {
    "criteria": {
      "has_stick": "2025-10-30 19:33:51 -0300"
    },
    "done": true
  },
  "refurbished_furniture:recipes/misc/constructing/mangrove_lattice_fence_gate": {
    "criteria": {
      "has_minecraft:stick": "2025-10-30 19:33:51 -0300"
    },
    "done": true
  },
  "farmersdelight:recipes/combat/flint_knife": {
    "criteria": {
      "has_stick": "2025-10-30 19:33:51 -0300"
    },
    "done": true
  },
  "minecolonies:recipes/misc/shapetool": {
    "criteria": {
      "has_stick": "2025-10-30 19:33:51 -0300"
    },
    "done": true
  },
  "forbidden_arcanus:recipes/building_blocks/edelwood_ladder": {
    "criteria": {
      "has_rods/wooden": "2025-10-30 19:33:51 -0300"
    },
    "done": true
  },
  "silentgear:recipes/misc/gear/convert/golden_axe": {
    "criteria": {
      "has_stick": "2025-10-30 19:33:51 -0300"
    },
    "done": true
  },
  "silentgear:recipes/misc/gear/convert/netherite_boots": {
    "criteria": {
      "has_stick": "2025-10-30 19:33:51 -0300"
    },
    "done": true
  },
  "silentgear:recipes/misc/gear/convert/diamond_leggings": {
    "criteria": {
      "has_stick": "2025-10-30 19:33:51 -0300"
    },
    "done": true
  },
  "refurbished_furniture:recipes/misc/constructing/cherry_lattice_fence": {
    "criteria": {
      "has_minecraft:stick": "2025-10-30 19:33:51 -0300"
    },
    "done": true
  },
  "silentgear:recipes/misc/gear/convert/golden_shoves": {
    "criteria": {
      "has_stick": "2025-10-30 19:33:51 -0300"
    },
    "done": true
  },
  "silentgear:recipes/misc/gear/convert/netherite_shoves": {
    "criteria": {
      "has_stick": "2025-10-30 19:33:51 -0300"
    },
    "done": true
  },
  "refurbished_furniture:recipes/misc/constructing/warped_lattice_fence_gate": {
    "criteria": {
      "has_minecraft:stick": "2025-10-30 19:33:51 -0300"
    },
    "done": true
  },
  "silentgear:recipes/misc/gear/convert/diamond_axe": {
    "criteria": {
      "has_stick": "2025-10-30 19:33:51 -0300"
    },
    "done": true
  },
  "refurbished_furniture:recipes/misc/constructing/mangrove_lattice_fence": {
    "criteria": {
      "has_minecraft:stick": "2025-10-30 19:33:51 -0300"
    },
    "done": true
  },
  "silentgear:recipes/misc/gear/convert/iron_hoe": {
    "criteria": {
      "has_stick": "2025-10-30 19:33:51 -0300"
    },
    "done": true
  },
  "refurbished_furniture:recipes/misc/constructing/acacia_lattice_fence_gate": {
    "criteria": {
      "has_minecraft:stick": "2025-10-30 19:33:51 -0300"
    },
    "done": true
  },
  "farmersdelight:recipes/decorations/cutting_board": {
    "criteria": {
      "has_stick": "2025-10-30 19:33:51 -0300"
    },
    "done": true
  },
  "silentgear:recipes/misc/gear/convert/golden_chestplate": {
    "criteria": {
      "has_stick": "2025-10-30 19:33:51 -0300"
    },
    "done": true
  },
  "biomeswevegone:recipes/building_blocks/blue_enchanted_wood": {
    "criteria": {
      "has_log": "2025-10-30 19:34:14 -0300"
    },
    "done": true
  },
  "biomeswevegone:recipes/building_blocks/blue_enchanted_planks": {
    "criteria": {
      "has_log": "2025-10-30 19:34:14 -0300"
    },
    "done": true
  },
  "biomeswevegone:biomeswevegone/adventure/root": {
    "criteria": {
      "biomeswevegone:enchanted_tangle": "2025-10-30 19:34:15 -0300"
    },
    "done": true
  },
  "biomeswevegone:biomeswevegone/adventure/oh_the_biomes_weve_gone": {
    "criteria": {
      "biomeswevegone:enchanted_tangle": "2025-10-30 19:34:15 -0300"
    },
    "done": false
  },
  "minecraft:recipes/misc/gold_nugget_from_smelting": {
    "criteria": {
      "has_golden_axe": "2025-10-30 19:34:47 -0300"
    },
    "done": true
  },
  "minecraft:recipes/misc/gold_nugget_from_blasting": {
    "criteria": {
      "has_golden_axe": "2025-10-30 19:34:47 -0300"
    },
    "done": true
  },
  "regions_unexplored:recipes/transportation/maple_boat": {
    "criteria": {
      "in_water": "2025-10-30 19:34:58 -0300"
    },
    "done": true
  },
  "regions_unexplored:recipes/transportation/magnolia_boat": {
    "criteria": {
      "in_water": "2025-10-30 19:34:58 -0300"
    },
    "done": true
  },
  "minecraft:recipes/transportation/cherry_boat": {
    "criteria": {
      "in_water": "2025-10-30 19:34:58 -0300"
    },
    "done": true
  },
  "biomeswevegone:recipes/transportation/rainbow_eucalyptus_boat": {
    "criteria": {
      "in_water": "2025-10-30 19:34:58 -0300"
    },
    "done": true
  },
  "biomeswevegone:recipes/transportation/spirit_boat": {
    "criteria": {
      "in_water": "2025-10-30 19:34:58 -0300"
    },
    "done": true
  },
  "biomeswevegone:recipes/transportation/aspen_boat": {
    "criteria": {
      "in_water": "2025-10-30 19:34:58 -0300"
    },
    "done": true
  },
  "minecraft:recipes/transportation/acacia_boat": {
    "criteria": {
      "in_water": "2025-10-30 19:34:58 -0300"
    },
    "done": true
  },
  "biomeswevegone:recipes/transportation/fir_boat": {
    "criteria": {
      "in_water": "2025-10-30 19:34:58 -0300"
    },
    "done": true
  },
  "biomeswevegone:recipes/transportation/redwood_boat": {
    "criteria": {
      "in_water": "2025-10-30 19:34:58 -0300"
    },
    "done": true
  },
  "biomeswevegone:recipes/transportation/cypress_boat": {
    "criteria": {
      "in_water": "2025-10-30 19:34:58 -0300"
    },
    "done": true
  },
  "minecraft:recipes/transportation/jungle_boat": {
    "criteria": {
      "in_water": "2025-10-30 19:34:58 -0300"
    },
    "done": true
  },
  "biomeswevegone:recipes/transportation/holly_boat": {
    "criteria": {
      "in_water": "2025-10-30 19:34:58 -0300"
    },
    "done": true
  },
  "regions_unexplored:recipes/transportation/pine_boat": {
    "criteria": {
      "in_water": "2025-10-30 19:34:58 -0300"
    },
    "done": true
  },
  "regions_unexplored:recipes/transportation/socotra_boat": {
    "criteria": {
      "in_water": "2025-10-30 19:34:58 -0300"
    },
    "done": true
  },
  "minecraft:recipes/transportation/spruce_boat": {
    "criteria": {
      "in_water": "2025-10-30 19:34:58 -0300"
    },
    "done": true
  },
  "regions_unexplored:recipes/transportation/dead_boat": {
    "criteria": {
      "in_water": "2025-10-30 19:34:58 -0300"
    },
    "done": true
  },
  "biomeswevegone:recipes/transportation/blue_enchanted_boat": {
    "criteria": {
      "in_water": "2025-10-30 19:34:58 -0300"
    },
    "done": true
  },
  "minecraft:recipes/transportation/mangrove_boat": {
    "criteria": {
      "in_water": "2025-10-30 19:34:58 -0300"
    },
    "done": true
  },
  "biomeswevegone:recipes/transportation/green_enchanted_boat": {
    "criteria": {
      "in_water": "2025-10-30 19:34:58 -0300"
    },
    "done": true
  },
  "regions_unexplored:recipes/transportation/baobab_boat": {
    "criteria": {
      "in_water": "2025-10-30 19:34:58 -0300"
    },
    "done": true
  },
  "regions_unexplored:recipes/transportation/joshua_boat": {
    "criteria": {
      "in_water": "2025-10-30 19:34:58 -0300"
    },
    "done": true
  },
  "minecraft:recipes/transportation/dark_oak_boat": {
    "criteria": {
      "in_water": "2025-10-30 19:34:58 -0300"
    },
    "done": true
  },
  "biomeswevegone:recipes/transportation/willow_boat": {
    "criteria": {
      "in_water": "2025-10-30 19:34:58 -0300"
    },
    "done": true
  },
  "biomeswevegone:recipes/transportation/pine_boat": {
    "criteria": {
      "in_water": "2025-10-30 19:34:58 -0300"
    },
    "done": true
  },
  "minecraft:recipes/transportation/bamboo_raft": {
    "criteria": {
      "in_water": "2025-10-30 19:34:58 -0300"
    },
    "done": true
  },
  "regions_unexplored:recipes/transportation/kapok_boat": {
    "criteria": {
      "in_water": "2025-10-30 19:34:58 -0300"
    },
    "done": true
  },
  "regions_unexplored:recipes/transportation/cypress_boat": {
    "criteria": {
      "in_water": "2025-10-30 19:34:58 -0300"
    },
    "done": true
  },
  "regions_unexplored:recipes/transportation/larch_boat": {
    "criteria": {
      "in_water": "2025-10-30 19:34:58 -0300"
    },
    "done": true
  },
  "biomeswevegone:recipes/transportation/mahogany_boat": {
    "criteria": {
      "in_water": "2025-10-30 19:34:58 -0300"
    },
    "done": true
  },
  "biomeswevegone:recipes/transportation/baobab_boat": {
    "criteria": {
      "in_water": "2025-10-30 19:34:58 -0300"
    },
    "done": true
  },
  "biomeswevegone:recipes/transportation/skyris_boat": {
    "criteria": {
      "in_water": "2025-10-30 19:34:58 -0300"
    },
    "done": true
  },
  "biomeswevegone:recipes/transportation/white_mangrove_boat": {
    "criteria": {
      "in_water": "2025-10-30 19:34:58 -0300"
    },
    "done": true
  },
  "biomeswevegone:recipes/transportation/cika_boat": {
    "criteria": {
      "in_water": "2025-10-30 19:34:58 -0300"
    },
    "done": true
  },
  "biomeswevegone:recipes/transportation/ebony_boat": {
    "criteria": {
      "in_water": "2025-10-30 19:34:58 -0300"
    },
    "done": true
  },
  "regions_unexplored:recipes/transportation/blackwood_boat": {
    "criteria": {
      "in_water": "2025-10-30 19:34:58 -0300"
    },
    "done": true
  },
  "regions_unexplored:recipes/transportation/eucalyptus_boat": {
    "criteria": {
      "in_water": "2025-10-30 19:34:58 -0300"
    },
    "done": true
  },
  "biomeswevegone:recipes/transportation/maple_boat": {
    "criteria": {
      "in_water": "2025-10-30 19:34:58 -0300"
    },
    "done": true
  },
  "biomeswevegone:recipes/transportation/sakura_boat": {
    "criteria": {
      "in_water": "2025-10-30 19:34:58 -0300"
    },
    "done": true
  },
  "regions_unexplored:recipes/transportation/palm_boat": {
    "criteria": {
      "in_water": "2025-10-30 19:34:58 -0300"
    },
    "done": true
  },
  "biomeswevegone:recipes/transportation/florus_boat": {
    "criteria": {
      "in_water": "2025-10-30 19:34:58 -0300"
    },
    "done": true
  },
  "regions_unexplored:recipes/transportation/oak_boat": {
    "criteria": {
      "in_water": "2025-10-30 19:34:58 -0300"
    },
    "done": true
  },
  "minecraft:recipes/transportation/birch_boat": {
    "criteria": {
      "in_water": "2025-10-30 19:34:58 -0300"
    },
    "done": true
  },
  "minecraft:recipes/transportation/oak_boat": {
    "criteria": {
      "in_water": "2025-10-30 19:34:58 -0300"
    },
    "done": true
  },
  "biomeswevegone:recipes/transportation/witch_hazel_boat": {
    "criteria": {
      "in_water": "2025-10-30 19:34:58 -0300"
    },
    "done": true
  },
  "biomeswevegone:recipes/transportation/jacaranda_boat": {
    "criteria": {
      "in_water": "2025-10-30 19:34:58 -0300"
    },
    "done": true
  },
  "regions_unexplored:recipes/transportation/mauve_boat": {
    "criteria": {
      "in_water": "2025-10-30 19:34:58 -0300"
    },
    "done": true
  },
  "regions_unexplored:recipes/transportation/redwood_boat": {
    "criteria": {
      "in_water": "2025-10-30 19:34:58 -0300"
    },
    "done": true
  },
  "biomeswevegone:recipes/transportation/palm_boat": {
    "criteria": {
      "in_water": "2025-10-30 19:34:58 -0300"
    },
    "done": true
  },
  "biomeswevegone:recipes/transportation/zelkova_boat": {
    "criteria": {
      "in_water": "2025-10-30 19:34:58 -0300"
    },
    "done": true
  },
  "biomeswevegone:recipes/transportation/ironwood_boat": {
    "criteria": {
      "in_water": "2025-10-30 19:34:58 -0300"
    },
    "done": true
  },
  "regions_unexplored:recipes/transportation/willow_boat": {
    "criteria": {
      "in_water": "2025-10-30 19:34:58 -0300"
    },
    "done": true
  },
  "minecraft:recipes/building_blocks/oak_planks": {
    "criteria": {
      "has_logs": "2025-10-30 19:35:44 -0300"
    },
    "done": true
  },
  "dungeons_arise:find_mushroom_village": {
    "criteria": {
      "location0": "2025-10-30 19:36:23 -0300"
    },
    "done": true
  },
  "farmersdelight:recipes/cooking/mushroom_rice": {
    "criteria": {
      "has_any_ingredient": "2025-10-30 19:37:28 -0300"
    },
    "done": true
  },
  "regions_unexplored:recipes/building_blocks/deepslate_viridescent_nylium": {
    "criteria": {
      "has_mushroom": "2025-10-30 19:37:28 -0300"
    },
    "done": true
  },
  "minecraft:recipes/food/mushroom_stew": {
    "criteria": {
      "has_red_mushroom": "2025-10-30 19:37:28 -0300"
    },
    "done": true
  },
  "farmersdelight:recipes/cooking/rabbit_stew": {
    "criteria": {
      "has_any_ingredient": "2025-10-30 19:37:28 -0300"
    },
    "done": true
  },
  "farmersdelight:recipes/cooking/mushroom_stew": {
    "criteria": {
      "has_any_ingredient": "2025-10-30 19:37:28 -0300"
    },
    "done": true
  },
  "biomeswevegone:recipes/decorations/foragers_table": {
    "criteria": {
      "has_mushrooms": "2025-10-30 19:37:28 -0300"
    },
    "done": true
  },
  "minecraft:recipes/misc/bowl": {
    "criteria": {
      "has_red_mushroom": "2025-10-30 19:37:28 -0300"
    },
    "done": true
  },
  "regions_unexplored:recipes/building_blocks/viridescent_nylium": {
    "criteria": {
      "has_mushroom": "2025-10-30 19:37:28 -0300"
    },
    "done": true
  },
  "minecraft:story/upgrade_tools": {
    "criteria": {
      "stone_pickaxe": "2025-10-30 19:37:44 -0300"
    },
    "done": true
  },
  "minecraft:recipes/decorations/torch": {
    "criteria": {
      "has_stone_pickaxe": "2025-10-30 19:37:44 -0300"
    },
    "done": true
  },
  "minecraft:recipes/misc/iron_nugget_from_smelting": {
    "criteria": {
      "has_iron_pickaxe": "2025-10-30 19:37:50 -0300"
    },
    "done": true
  },
  "minecraft:story/iron_tools": {
    "criteria": {
      "iron_pickaxe": "2025-10-30 19:37:50 -0300"
    },
    "done": true
  },
  "minecraft:recipes/misc/iron_nugget_from_blasting": {
    "criteria": {
      "has_iron_pickaxe": "2025-10-30 19:37:50 -0300"
    },
    "done": true
  },
  "minecraft:recipes/misc/gold_ingot_from_smelting_gold_ore": {
    "criteria": {
      "has_gold_ore": "2025-10-30 19:38:01 -0300"
    },
    "done": true
  },
  "minecraft:recipes/misc/gold_ingot_from_blasting_gold_ore": {
    "criteria": {
      "has_gold_ore": "2025-10-30 19:38:01 -0300"
    },
    "done": true
  },
  "forbidden_arcanus:recipes/misc/clibano_combustion/gold_ingot_from_clibano_combustion": {
    "criteria": {
      "has_item": "2025-10-30 19:38:01 -0300"
    },
    "done": true
  },
  "minecraft:recipes/misc/gold_ingot_from_blasting_raw_gold": {
    "criteria": {
      "has_raw_gold": "2025-10-30 19:38:28 -0300"
    },
    "done": true
  },
  "forbidden_arcanus:recipes/misc/clibano_combustion/gold_ingot_from_clibano_combusting_raw_gold": {
    "criteria": {
      "has_item": "2025-10-30 19:38:28 -0300"
    },
    "done": true
  },
  "minecraft:recipes/misc/gold_ingot_from_smelting_raw_gold": {
    "criteria": {
      "has_raw_gold": "2025-10-30 19:38:28 -0300"
    },
    "done": true
  },
  "minecraft:recipes/building_blocks/raw_gold_block": {
    "criteria": {
      "has_raw_gold": "2025-10-30 19:38:28 -0300"
    },
    "done": true
  },
  "minecraft:recipes/misc/copper_ingot_from_smelting_copper_ore": {
    "criteria": {
      "has_copper_ore": "2025-10-30 19:41:01 -0300"
    },
    "done": true
  },
  "forbidden_arcanus:recipes/misc/clibano_combustion/copper_ingot_from_clibano_combustion": {
    "criteria": {
      "has_item": "2025-10-30 19:41:01 -0300"
    },
    "done": true
  },
  "minecraft:recipes/misc/copper_ingot_from_blasting_copper_ore": {
    "criteria": {
      "has_copper_ore": "2025-10-30 19:41:01 -0300"
    },
    "done": true
  },
  "minecraft:recipes/misc/copper_ingot_from_blasting_raw_copper": {
    "criteria": {
      "has_raw_copper": "2025-10-30 19:41:13 -0300"
    },
    "done": true
  },
  "minecraft:recipes/building_blocks/raw_copper_block": {
    "criteria": {
      "has_raw_copper": "2025-10-30 19:41:13 -0300"
    },
    "done": true
  },
  "forbidden_arcanus:recipes/misc/clibano_combustion/copper_ingot_from_clibano_combusting_raw_copper": {
    "criteria": {
      "has_item": "2025-10-30 19:41:13 -0300"
    },
    "done": true
  },
  "minecraft:recipes/misc/copper_ingot_from_smelting_raw_copper": {
    "criteria": {
      "has_raw_copper": "2025-10-30 19:41:13 -0300"
    },
    "done": true
  },
  "minecraft:recipes/decorations/chest": {
    "criteria": {
      "has_lots_of_items": "2025-10-30 19:42:24 -0300"
    },
    "done": true
  },
  "minecraft:recipes/building_blocks/mossy_cobblestone_stairs_from_mossy_cobblestone_stonecutting": {
    "criteria": {
      "has_mossy_cobblestone": "2025-10-30 19:42:24 -0300"
    },
    "done": true
  },
  "regions_unexplored:recipes/building_blocks/mossy_stone_from_blasting_mossy_cobblestone": {
    "criteria": {
      "has_mossy_cobblestone": "2025-10-30 19:42:24 -0300"
    },
    "done": true
  },
  "minecraft:recipes/building_blocks/mossy_cobblestone_slab": {
    "criteria": {
      "has_mossy_cobblestone": "2025-10-30 19:42:24 -0300"
    },
    "done": true
  },
  "silentgear:recipes/decorations/stone_anvil": {
    "criteria": {
      "has_item": "2025-10-30 19:42:24 -0300"
    },
    "done": true
  },
  "regions_unexplored:recipes/building_blocks/mossy_stone_from_smelting_mossy_cobblestone": {
    "criteria": {
      "has_mossy_cobblestone": "2025-10-30 19:42:24 -0300"
    },
    "done": true
  },
  "minecraft:recipes/decorations/mossy_cobblestone_wall": {
    "criteria": {
      "has_mossy_cobblestone": "2025-10-30 19:42:24 -0300"
    },
    "done": true
  },
  "minecraft:recipes/decorations/mossy_cobblestone_wall_from_mossy_cobblestone_stonecutting": {
    "criteria": {
      "has_mossy_cobblestone": "2025-10-30 19:42:24 -0300"
    },
    "done": true
  },
  "domum_ornamentum:recipes/tools/mossy_cobblestone_extra": {
    "criteria": {
      "has_material": "2025-10-30 19:42:24 -0300"
    },
    "done": true
  },
  "minecraft:recipes/building_blocks/mossy_cobblestone_stairs": {
    "criteria": {
      "has_mossy_cobblestone": "2025-10-30 19:42:24 -0300"
    },
    "done": true
  },
  "silentgear:recipes/misc/stone_rod": {
    "criteria": {
      "has_item": "2025-10-30 19:42:24 -0300"
    },
    "done": true
  },
  "minecraft:recipes/building_blocks/mossy_cobblestone_slab_from_mossy_cobblestone_stonecutting": {
    "criteria": {
      "has_mossy_cobblestone": "2025-10-30 19:42:24 -0300"
    },
    "done": true
  },
  "powah:recipes/misc/smelting/uraninite_from_raw_blasting": {
    "criteria": {
      "has_uraninite_raw": "2025-10-30 19:50:45 -0300"
    },
    "done": true
  },
  "powah:recipes/misc/smelting/uraninite_from_raw": {
    "criteria": {
      "has_uraninite_raw": "2025-10-30 19:50:45 -0300"
    },
    "done": true
  },
  "regions_unexplored:recipes/building_blocks/stripped_redwood_wood": {
    "criteria": {
      "has_log": "2025-10-30 20:08:09 -0300"
    },
    "done": true
  },
  "regions_unexplored:recipes/decorations/redwood_hanging_sign": {
    "criteria": {
      "has_stripped_redwood_log": "2025-10-30 20:08:09 -0300"
    },
    "done": true
  },
  "minecraft:adventure/adventuring_time": {
    "criteria": {
      "minecraft:beach": "2025-10-30 20:16:25 -0300",
      "minecraft:river": "2025-10-30 20:34:54 -0300",
      "minecraft:lukewarm_ocean": "2025-10-30 20:34:55 -0300",
      "minecraft:plains": "2025-10-30 20:16:26 -0300"
    },
    "done": false
  },
  "biomeswevegone:recipes/building_blocks/palm_planks": {
    "criteria": {
      "has_log": "2025-10-30 20:16:32 -0300"
    },
    "done": true
  },
  "biomeswevegone:recipes/building_blocks/palm_wood": {
    "criteria": {
      "has_log": "2025-10-30 20:16:32 -0300"
    },
    "done": true
  },
  "regions_unexplored:recipes/decorations/oak_branch_from_oak_log": {
    "criteria": {
      "has_log": "2025-10-30 20:24:14 -0300"
    },
    "done": true
  },
  "minecraft:recipes/building_blocks/oak_wood": {
    "criteria": {
      "has_log": "2025-10-30 20:24:14 -0300"
    },
    "done": true
  },
  "silentgear:standard_tools": {
    "criteria": {
      "pickaxe": "2025-10-30 20:30:48 -0300"
    },
    "done": false
  },
  "minecraft:adventure/root": {
    "criteria": {
      "killed_by_something": "2025-10-30 20:33:52 -0300"
    },
    "done": true
  },
  "farmersdelight:recipes/cooking/dog_food": {
    "criteria": {
      "has_any_ingredient": "2025-10-30 20:36:03 -0300"
    },
    "done": true
  },
  "farmersdelight:recipes/building_blocks/organic_compost_from_rotten_flesh": {
    "criteria": {
      "has_rotten_flesh": "2025-10-30 20:36:03 -0300"
    },
    "done": true
  },
  "refurbished_furniture:recipes/misc/slicing/brown_dye_from_rotten_flesh": {
    "criteria": {
      "has_rotten_flesh": "2025-10-30 20:36:03 -0300"
    },
    "done": true
  },
  "biomeswevegone:recipes/building_blocks/sandy_dirt": {
    "criteria": {
      "has_sand": "2025-10-30 20:50:06 -0300"
    },
    "done": true
  },
  "minecraft:recipes/building_blocks/lime_concrete_powder": {
    "criteria": {
      "has_sand": "2025-10-30 20:50:06 -0300"
    },
    "done": true
  },
  "minecraft:recipes/building_blocks/magenta_concrete_powder": {
    "criteria": {
      "has_sand": "2025-10-30 20:50:06 -0300"
    },
    "done": true
  },
  "biomeswevegone:recipes/building_blocks/black_sand": {
    "criteria": {
      "has_sand": "2025-10-30 20:50:06 -0300"
    },
    "done": true
  },
  "minecraft:recipes/building_blocks/black_concrete_powder": {
    "criteria": {
      "has_sand": "2025-10-30 20:50:06 -0300"
    },
    "done": true
  },
  "domum_ornamentum:recipes/tools/sand_stone_bricks": {
    "criteria": {
      "has_item1_domum_ornamentum_sand_stone_bricks": "2025-10-30 20:50:06 -0300",
      "has_item2_domum_ornamentum_sand_stone_bricks": "2025-10-30 20:50:06 -0300"
    },
    "done": true
  },
  "minecraft:recipes/building_blocks/cyan_concrete_powder": {
    "criteria": {
      "has_sand": "2025-10-30 20:50:06 -0300"
    },
    "done": true
  },
  "minecraft:recipes/building_blocks/pink_concrete_powder": {
    "criteria": {
      "has_sand": "2025-10-30 20:50:06 -0300"
    },
    "done": true
  },
  "minecraft:recipes/building_blocks/white_concrete_powder": {
    "criteria": {
      "has_sand": "2025-10-30 20:50:06 -0300"
    },
    "done": true
  },
  "minecraft:recipes/building_blocks/yellow_concrete_powder": {
    "criteria": {
      "has_sand": "2025-10-30 20:50:06 -0300"
    },
    "done": true
  },
  "minecraft:recipes/building_blocks/sandstone": {
    "criteria": {
      "has_sand": "2025-10-30 20:50:06 -0300"
    },
    "done": true
  },
  "enderio:recipes/misc/conduit_binder_composite": {
    "criteria": {
      "has_ingredient_sand": "2025-10-30 20:50:06 -0300"
    },
    "done": true
  },
  "minecraft:recipes/building_blocks/red_concrete_powder": {
    "criteria": {
      "has_sand": "2025-10-30 20:50:06 -0300"
    },
    "done": true
  },
  "biomeswevegone:recipes/building_blocks/white_sand": {
    "criteria": {
      "has_sand": "2025-10-30 20:50:06 -0300"
    },
    "done": true
  },
  "minecraft:recipes/building_blocks/green_concrete_powder": {
    "criteria": {
      "has_sand": "2025-10-30 20:50:06 -0300"
    },
    "done": true
  },
  "minecraft:recipes/building_blocks/blue_concrete_powder": {
    "criteria": {
      "has_sand": "2025-10-30 20:50:06 -0300"
    },
    "done": true
  },
  "minecraft:recipes/building_blocks/orange_concrete_powder": {
    "criteria": {
      "has_sand": "2025-10-30 20:50:06 -0300"
    },
    "done": true
  },
  "productivemetalworks:recipes/misc/crafting/fire_clay": {
    "criteria": {
      "has_sand": "2025-10-30 20:50:06 -0300"
    },
    "done": true
  },
  "minecraft:recipes/building_blocks/purple_concrete_powder": {
    "criteria": {
      "has_sand": "2025-10-30 20:50:06 -0300"
    },
    "done": true
  },
  "minecraft:recipes/building_blocks/light_gray_concrete_powder": {
    "criteria": {
      "has_sand": "2025-10-30 20:50:06 -0300"
    },
    "done": true
  },
  "minecraft:recipes/building_blocks/brown_concrete_powder": {
    "criteria": {
      "has_sand": "2025-10-30 20:50:06 -0300"
    },
    "done": true
  },
  "minecraft:recipes/building_blocks/light_blue_concrete_powder": {
    "criteria": {
      "has_sand": "2025-10-30 20:50:06 -0300"
    },
    "done": true
  },
  "minecraft:recipes/building_blocks/glass": {
    "criteria": {
      "has_smelts_to_glass": "2025-10-30 20:50:06 -0300"
    },
    "done": true
  },
  "biomeswevegone:recipes/building_blocks/purple_sand": {
    "criteria": {
      "has_sand": "2025-10-30 20:50:06 -0300"
    },
    "done": true
  },
  "biomeswevegone:recipes/building_blocks/blue_sand": {
    "criteria": {
      "has_sand": "2025-10-30 20:50:06 -0300"
    },
    "done": true
  },
  "biomeswevegone:recipes/building_blocks/pink_sand": {
    "criteria": {
      "has_sand": "2025-10-30 20:50:06 -0300"
    },
    "done": true
  },
  "minecraft:recipes/building_blocks/gray_concrete_powder": {
    "criteria": {
      "has_sand": "2025-10-30 20:50:06 -0300"
    },
    "done": true
  },
  "domum_ornamentum:recipes/tools/sand_bricks": {
    "criteria": {
      "has_item2_domum_ornamentum_sand_bricks": "2025-10-30 20:50:06 -0300",
      "has_item1_domum_ornamentum_sand_bricks": "2025-10-30 20:50:06 -0300"
    },
    "done": true
  },
  "minecraft:recipes/decorations/sandstone_wall_from_sandstone_stonecutting": {
    "criteria": {
      "has_sandstone": "2025-10-30 21:24:16 -0300"
    },
    "done": true
  },
  "minecraft:recipes/building_blocks/cut_sandstone": {
    "criteria": {
      "has_sandstone": "2025-10-30 21:24:16 -0300"
    },
    "done": true
  },
  "minecraft:recipes/building_blocks/cut_sandstone_from_sandstone_stonecutting": {
    "criteria": {
      "has_sandstone": "2025-10-30 21:24:16 -0300"
    },
    "done": true
  },
  "minecraft:recipes/building_blocks/chiseled_sandstone_from_sandstone_stonecutting": {
    "criteria": {
      "has_sandstone": "2025-10-30 21:24:16 -0300"
    },
    "done": true
  },
  "minecraft:recipes/building_blocks/sandstone_slab_from_sandstone_stonecutting": {
    "criteria": {
      "has_sandstone": "2025-10-30 21:24:16 -0300"
    },
    "done": true
  },
  "minecraft:recipes/building_blocks/sandstone_slab": {
    "criteria": {
      "has_sandstone": "2025-10-30 21:24:16 -0300"
    },
    "done": true
  },
  "minecraft:recipes/building_blocks/smooth_sandstone": {
    "criteria": {
      "has_sandstone": "2025-10-30 21:24:16 -0300"
    },
    "done": true
  },
  "domum_ornamentum:recipes/tools/cream_stone_bricks": {
    "criteria": {
      "has_item1_domum_ornamentum_cream_stone_bricks": "2025-10-30 21:24:16 -0300",
      "has_item2_domum_ornamentum_cream_stone_bricks": "2025-10-30 21:24:16 -0300"
    },
    "done": true
  },
  "minecraft:recipes/building_blocks/sandstone_stairs": {
    "criteria": {
      "has_sandstone": "2025-10-30 21:24:16 -0300"
    },
    "done": true
  },
  "minecraft:recipes/building_blocks/cut_sandstone_slab_from_sandstone_stonecutting": {
    "criteria": {
      "has_sandstone": "2025-10-30 21:24:16 -0300"
    },
    "done": true
  },
  "minecraft:recipes/building_blocks/sandstone_stairs_from_sandstone_stonecutting": {
    "criteria": {
      "has_sandstone": "2025-10-30 21:24:16 -0300"
    },
    "done": true
  },
  "domum_ornamentum:recipes/tools/cream_bricks": {
    "criteria": {
      "has_item2_domum_ornamentum_cream_bricks": "2025-10-30 21:24:16 -0300",
      "has_item1_domum_ornamentum_cream_bricks": "2025-10-30 21:24:16 -0300"
    },
    "done": true
  },
  "minecraft:recipes/decorations/sandstone_wall": {
    "criteria": {
      "has_sandstone": "2025-10-30 21:24:16 -0300"
    },
    "done": true
  },
  "DataVersion": 3955
}